"V. N. Senoguz and Q. Shafi, “Reheat temperature in supersymmetric hybrid inflation models,” Phys. Rev. D ¦71¦, 043514 (2005) [hep-ph/0412102]."␞https://academic.microsoft.com/#/detail/2075392245
"Keiding, N. and Nielsen, J.E. (1975) Branching processes with varying and random geometric offspring distributions. ¦J. Appl. Prob.¦ ¦12¦, 135–141."␞https://academic.microsoft.com/#/detail/2332540167
"H. Izeki and S. Nayatani, ¦Combinatorial harmonic maps and discrete-group actions on Hadamard spaces¦, Geom. Dedicata ¦114¦ (2005), 147–188."␞https://academic.microsoft.com/#/detail/2017711173
"T. Adamo, M. Bullimore, L. Mason and D. Skinner, “Scattering Amplitudes and Wilson Loops in Twistor Space,” J. Phys. A ¦44¦ (2011) 454008 [arXiv:1104.2890 [hep-th]]."␞https://academic.microsoft.com/#/detail/2002091616
"Eren Mehmet Kıral and Matthew Young, ¦The fifth moment of modular FORMULA -functions¦, arXiv preprint arXiv:1701.07507 (2017)."␞https://academic.microsoft.com/#/detail/2582886839
"T. Baumgarte and S. Shapiro, ¦Numerical Relativity: Solving Einstein's Equations on the Computer¦. Cambridge University Press, 2010. ¦http://¦books.google.co.uk/books?id=dxU1OEinvRUC."␞https://academic.microsoft.com/#/detail/2566410267
"R.E. Renfordt, D. Schall, R. Bock, R. Brockmann, J.W. Harris, A. Sandoval, R. Stock, H. Ströbele, D. Bangert, W. Rauch, G. Odyniec, H.G. Pugh, and L.S. Schroeder, Phys. Rev. Lett. 53 (1984) 763."␞https://academic.microsoft.com/#/detail/2001418221
"T. A. Porter, I. V. Moskalenko, A. W. Strong, E. Orlando and L. Bouchet, arXiv:0804.1774 [astro-ph]."␞https://academic.microsoft.com/#/detail/2129746122
"Jon Kleinberg, Sendhil Mullainathan, and Manish Raghavan. Inherent trade-offs in the fair determination of risk scores. ¦arXiv preprint arXiv:1609.05807¦, 2016."␞https://academic.microsoft.com/#/detail/2522104760
"R.M. Fernandes, L. H. VanBebber, S. Bhattacharya, P. Chandra, V. Keppens, D. Mandrus, M.A. McGuire, B.C. Sales, A.S. Sefat, and J. Schmalian, Phys. Rev. Lett. ¦105¦, 157003 (2010)"␞https://academic.microsoft.com/#/detail/2143202785
"Fomin, S., Wei, P., Chugunov, V., 1995. Contact melting by a non-isothermal heating surface of arbitrary shape. Int. J. Heat Mass Transfer 38 (17), 3275–3284."␞https://academic.microsoft.com/#/detail/2030656707
"R.F. Lebed, arXiv:1507.05867v1 [hep-ph]."␞https://academic.microsoft.com/#/detail/1844403609
"R. Billinton, R. Karki, Y. Gao, D. Huang, P. Hu, and W. Wangdee, “Adequacy Assessment Considerations in Wind Integrated Power Systems,” ¦IEEE Trans. Power Syst.¦, vol. 27, no. 4, pp. 2297–2305, 2012."␞https://academic.microsoft.com/#/detail/2024825567
"C. Morningstar and M. Peardon, Phys. Rev. D ¦56¦, 4043 (1997)."␞https://academic.microsoft.com/#/detail/2109255696
"I. B. S. Passi, M. Singh and M. K. Yadav, ¦Automorphisms of abelian group extensions¦, J. Algebra 324 (2010), 820–830."␞https://academic.microsoft.com/#/detail/2051680489
"S. Dimopoulos, P. W. Graham, J. M. Hogan, M. A. Kasevich, and S. Rajendran, Phys. Rev. D ¦78¦, 122002 (2008)."␞https://academic.microsoft.com/#/detail/2749889157
"P.Jaworski, Value at Risk in the presence of the power laws, Acta Physica Polonica B 36 (2005) 2575-2587."␞https://academic.microsoft.com/#/detail/2566822874
"L. L. Chau, M. L. Ge and Y. S. Wu, Phys. Rev. D 25¦, 1086 (1982); L. L. Chau and Wu Yong-Shi, Phys. Rev. D ¦26¦, 3581 (1982); L. L. Chau, M. L. Ge, A. Sinha and Y. S. Wu, Phys. Lett. B ¦121¦, 391 (1983).¦"␞https://academic.microsoft.com/#/detail/2075757391
"E. C. Blomberg, M. a. Tanatar, R. M. Fernandes, I. I. Mazin, B. Shen, H.-H. Wen, M. D. Johannes, J. Schmalian, and R. Prozorov, ¦Nat. Commun. ¦4, 1914 (2013)."␞https://academic.microsoft.com/#/detail/2081425933
"A. Arenas, A. Díaz-Guilera, C. J. Pérez-Vicente, Synchronization reveals topological scales in complex networks, Phys. Rev. Lett. 96 (11) (2006) 114102."␞https://academic.microsoft.com/#/detail/2100240966
"M. Alizadeh, A. Greenberg, D. A. Maltz, J. Padhye, P. Patel, B. Prabhakar, S. Sengupta, and M. Sridharan. Data Center TCP (DCTCP). ACM SIGCOMM¦, 2010.¦"␞https://academic.microsoft.com/#/detail/2164740236
"M. Nishiyama, T. Okabe, Y. Sato, and I. Sato. Sensation-based photo cropping. In ACM Multimedia¦, pages 669–672, 2009.¦"␞https://academic.microsoft.com/#/detail/2013339738
"L. Landau and E. Lifchitz, ¦Classical theory of fields¦, Butterworth-Heinemann, Oxford, 1994, p. 87."␞https://academic.microsoft.com/#/detail/119088996
"Peregrine, D., 2003. Water-wave impact on walls. Annu. Rev. Fluid Mech. 35, 23--43."␞https://academic.microsoft.com/#/detail/2118259172
"M. S. Khalil, S. Gladchenko, M. J. A. Stoutimore, F. C. Wellstood, A. L. Burin, and K. D. Osborn, ¦Phys. Rev. B ¦90, 100201 (2014)."␞https://academic.microsoft.com/#/detail/1998393159
"F. Gabbiani, E. Gabrielli, A. Masiero and L. Silvestrini, Nucl. Phys. B ¦477¦, 321 (1996) [arXiv:hep-ph/9604387]."␞https://academic.microsoft.com/#/detail/2133327165
"Abramowitz, M. and Stegun, I. A., ¦Handbook of Mathematical Functions¦, (Dover, New York, 1965)."␞https://academic.microsoft.com/#/detail/2120062331
"N. V. Chawla, K. W. Bowyer, L. O. Hall, and W. P. Kegelmeyer. Smote: synthetic minority over-sampling technique. Journal of artificial intelligence research¦, 16(1):321–357, 2002.¦"␞https://academic.microsoft.com/#/detail/2148143831
"B. H. Lee, W. Lee, R. MacKenzie, M. B. Paranjape, U. A. Yajnik and D. h. Yeom, Phys. Rev. D ¦88¦, 085031 (2013)."␞https://academic.microsoft.com/#/detail/2074315988
"D. Nishiguchi, K. H. Nagai, H. Chaté, and M. Sano, Long-range nematic order and anomalous fluctuations in suspensions of swimming filamentous bacteria. ¦arXiv preprint arXiv:1604.04247¦ (2016)."␞https://academic.microsoft.com/#/detail/2336881770
"Huelga, S. F. ¦et al.¦, Improvement of frequency standards with quantum entanglement. ¦Phys. Rev. Lett.¦ ¦79¦, 3865 (1997)."␞https://academic.microsoft.com/#/detail/2015876000
"M. Henneaux and C. Teitelboim, ¦Asymptotically anti-de Sitter spaces¦, Comm. Math. Phys. ¦98¦, 391 (1985)."␞https://academic.microsoft.com/#/detail/2134856726
"D. Boucher, W. Geiselmann, and F. Ulmer, ¦Skew-cyclic codes¦, Applicable Algebra in Engineering, Communication and computing, (¦18¦) (4), (2007), 379-389."␞https://academic.microsoft.com/#/detail/2151359594
"R. C. Brower, H. Nastase, H. J. Schnitzer and C.-I. Tan, arXiv:0801.3891 [hep-th]."␞https://academic.microsoft.com/#/detail/1995185450
"S. Sarkar, ¦Big bang nucleosynthesis and physics beyond the standard model¦, ¦Rept. Prog. Phys.¦ ¦59¦ (1996) 1493–1610, [hep-ph/9602260]."␞https://academic.microsoft.com/#/detail/2013442457
"M. Iskin and J. K. Freericks, Phys. Rev. A ¦80¦, 053623 (2009)."␞https://academic.microsoft.com/#/detail/2076979008
"M. L. Skoge & T. W. Baumgarte, Phys. Rev. D ¦66¦ 107501 (2002)."␞https://academic.microsoft.com/#/detail/2016175541
"A. Lozano, A. M. Tulino, and S. Verdú, “Optimum power allocation for parallel Gaussian channels with arbitrary input distributions,” IEEE Trans. Inf. Theory¦, vol. 52, no. 7, pp. 3033–3051, Jul. 2006.¦"␞https://academic.microsoft.com/#/detail/2097695636
"F. Paci, A. Gruppuso, F. Finelli, A. De Rosa, N. Mandolesi, and P. Natoli, ¦MNRAS¦ ¦434¦, 3071 (Oct. 2013), ¦arXiv:1301.5195¦"␞https://academic.microsoft.com/#/detail/1976439668
"Samuel Brody and Noemie Elhadad. 2010. An unsupervised aspect-sentiment model for online reviews. In ¦Human Language Technologies: The 2010 Annual Conference of the North American Chapter of the Association for Computational Linguistics¦, pages 804–812. Association for Computational Linguistics."␞https://academic.microsoft.com/#/detail/2113786470
"R. Islam, C. Senko, W. C. Campbell, S. Korenblit, J. Smith, A. Lee, E. E. Edwards, C.-C. J. Wang, J. K. Freericks, and C. Monroe, ¦Emergence and frustration of magnetism with variable-range interactions in a quantum simulator¦, Science ¦340¦, 583 (2013)."␞https://academic.microsoft.com/#/detail/1606923443
"I. Ermolli, K. Matthes, T. Dudok de Wit, N.A. Krivova, K. Tourpali, M. Weber, Y.C. Unruh, L. Gray, U. Langematz, P. Pilewskie, E. Rozanov, W. Schmutz, A. Shapiro, S.K. Solanki, T.N. Woods, Recent variability of the solar spectral irradiance and its impact on climate modelling. Atmos. Chem. Phys. ¦13¦, 3945–3977 (2013). doi:10.5194/acp-13-3945-2013"␞https://academic.microsoft.com/#/detail/2158950390
"Tauchen G. and Zhou, H. (2011), “Realized Jumps on Financial Markets and Predicting Credit Spreads,” ¦Journal of Econometrics¦, 160, 102–118"␞https://academic.microsoft.com/#/detail/2113380547
"S. Yoon, W. Ye, J. Heidemann, B. Littlefield, and C. Shahabi. Swats: Wireless sensor networks for steamflood and waterflood pipeline monitoring. ¦Network, IEEE¦, 25(1):50–56, January 2011."␞https://academic.microsoft.com/#/detail/2054094122
"J.Y. Vaishnav and C.W. Clark, Phys. Rev. Lett. ¦100¦, 153002 (2008)."␞https://academic.microsoft.com/#/detail/2752272568
"L. J. Hall, T. Moroi and H. Murayama, Phys. Lett. B ¦424¦, 305 (1998). [arXiv:hep-ph/9712515]."␞https://academic.microsoft.com/#/detail/2078593377
"Movassaghi, Samaneh and Abolhasan, Mehran and Smith, David, Smart spectrum allocation for interference mitigation in Wireless Body Area Networks, IEEE International Conference on Communications (ICC), pages 5688-5693, 2014"␞https://academic.microsoft.com/#/detail/2083602816
"M. Apollonio ¦et al.¦ [CHOOZ Collaboration], Phys. Lett. B ¦466¦, 415 (1999) [arXiv:hep-ex/9907037]."␞https://academic.microsoft.com/#/detail/1571701324
"G. 't Hooft, “Magnetic Monopoles in Unified Gauge Theories,” Nucl.Phys. B79 (1974) 276–284."␞https://academic.microsoft.com/#/detail/2027710569
"D. C. Cabra, M. D. Grynberg, P. C. W. Holdsworth, A. Honecker, P. Pujol, J. Richter, D. Schmalfß, and J. Schulenburg, Phys. Rev. B ¦71¦, 144420 (2005)."␞https://academic.microsoft.com/#/detail/2032654705
"V.A. Dolgushev, Erratum to: ""A Proof of Tsygan's Formality Conjecture for an Arbitrary Smooth Manifold"", arXiv:math/0703113."␞https://academic.microsoft.com/#/detail/132267651
"Eddy, J.A.: 1983, The maunder minimum - a reappraisal. ¦Solar Phys.¦ ¦89¦, 195. ADS."␞https://academic.microsoft.com/#/detail/2024069573
"Bouliotis, G. and Billingham, L. (2011) Crossing survival curves: alternatives to the log-rank test. ¦Trials¦, ¦12¦, 1."␞https://academic.microsoft.com/#/detail/2136058878
"I. Peschel and V. Eisler, Reduced density matrices and entanglement entropy in free lattice models, ¦J. Phys. A ¦42 504003 (2009)."␞https://academic.microsoft.com/#/detail/2141130841
"C. Gundlach, Critical phenomena in gravitational collapse, submitted to Adv. Theor. Math. Phys., preprint gr-qc/9712084."␞https://academic.microsoft.com/#/detail/2103342599
"A. Blumen, G. Zumofen, and J. Klafter, Target annihilation by random walkers, Phys. Rev. B ¦30¦, 5379 (1984)."␞https://academic.microsoft.com/#/detail/2060897997
"M. Alidoust, K. Halterman, and J. Linder, Phys. Rev. B ¦89¦, 054508 (2014)."␞https://academic.microsoft.com/#/detail/2012436162
"G. Ciavola, L. Celona, S. Gammino, M. Presti, L. Ando, S. Passarello, X.Zh. Zhang, F. Consoli, F. Chines, C. Percolla, V. Calzona and M. Winkler, A version of the Trasco Intense Proton Source optimized for accelerator driven system purposes. ¦Rev. Sci. Instrum.¦ ¦75¦ (2004) 1453–1456,."␞https://academic.microsoft.com/#/detail/2075428341
"D.Litim ¦Phys. Rev. Lett. ¦¦92¦ (2004) 201301, hep-th/0312114"␞https://academic.microsoft.com/#/detail/2000661521
"P.K. Kovtun, D.T. Son, and A.O. Starinets, Phys. Rev. Lett. ¦94¦, 111601 (2005)."␞https://academic.microsoft.com/#/detail/2097909025
"Jones, J. A. ¦et al.¦ Magnetic Field Sensing Beyond the Standard Quantum Limit Using 10-Spin NOON States. ¦Science¦ ¦324¦, 1166–1168 (2009)."␞https://academic.microsoft.com/#/detail/2022149792
"G.E.Brown and M.Rho, Phys.Rev.Lett. 66, (1991) 2720;"␞https://academic.microsoft.com/#/detail/1971702030
"K. Banaszek and K. Wódkiewicz, “Operational theory of homodyne detection,” ¦Phys. Rev. A ¦55, 3117 (1997)."␞https://academic.microsoft.com/#/detail/1985850877
"Barbara Di Eugenio, Pamela W. Jordan, and Liina Pylkkänen. 1998. The COCONUT project: Dialogue annotation manual. Technical Report 98-1, University of Pittsburgh, Intelligent Systems Program. [www.isp.pitt.edu/intgen/coconut.html]."␞https://academic.microsoft.com/#/detail/116082719
"Beirlant, J., Y. Goegebeur, J. Segers, and J. Teugels (2004). ¦Statistics of extremes: Theory and Applications¦. Wiley Series in Probability and Statistics. Chichester: John Wiley & Sons Ltd."␞https://academic.microsoft.com/#/detail/1598342322
"Guillaumin, M., Mensink, T., Verbeek, J.J., Schmid, C.: Tagprop: Discriminative metric learning in nearest neighbor models for image auto-annotation. In: IEEE 12th International Conference on Computer Vision, ICCV 2009, Kyoto, Japan, September 27 - October 4, 2009. (2009) 309–316"␞https://academic.microsoft.com/#/detail/2536305071
"T. Faulkner et al., “Gravitation from entanglement in holographic CFTs,” (2013), ¦arXiv:1312.7856v1¦."␞https://academic.microsoft.com/#/detail/2102970467
"René Thom, ¦Quelques propriétés globales des variétés différentiables¦, Comment. Math. Helv. ¦28¦ (1954), 17–86."␞https://academic.microsoft.com/#/detail/1989427081
"A. Schikorra. Regularity of n/2-harmonic maps into spheres. ¦PhD-Thesis, arXiv:1003.0646v1¦, 2010."␞https://academic.microsoft.com/#/detail/2029831933
"M. J. Simpson, J. A. Sharp, and R. E. Baker. Survival probability for a diffusive process on a growing domain. Phys. Rev. E ¦91¦, 042701 (2015)."␞https://academic.microsoft.com/#/detail/1988447698
"D. Bergamini, N. Descoubes, C. Joubert & R. Mateescu (2005): ¦Bisimulator¦¦: A Modular Tool for On-the-Fly Equivalence Checking¦. In: ¦Proc. of TACAS'05¦, ¦Lecture Notes in Computer Science¦ 3440, Springer-Verlag, pp. 581–585."␞https://academic.microsoft.com/#/detail/1503429725
"J. A. Baldwin, O. Plamenevskaya, ¦Khovanov homology, open books, and tight contact structures¦. math.GT/0808.2336"␞https://academic.microsoft.com/#/detail/2054234174
"Eisenberger, P., ¦et al.¦, 1972, Phys. Rev. B ¦6¦, 3671."␞https://academic.microsoft.com/#/detail/1980522055
"O. Viehmann, C. Eltschka, and J. Siewert, ¦Appl. Phys. B ¦106, 533 (2012)."␞https://academic.microsoft.com/#/detail/2076107066
"A. Rényi. ¦Representations for real numbers and their ergodic properties¦. Acta Math. Acad. Sci. Hungar ¦8¦ (1957), 477–493."␞https://academic.microsoft.com/#/detail/2089164015
"D. Chicharro and R. G. Andrzejak, Phys. Rev. E ¦80¦, 026217 (2009)."␞https://academic.microsoft.com/#/detail/2078979753
"Kenward, M. G., Jones, B., 1992. Alternative approaches to the analysis of binary and categorical repeated measurements. Journal of Biopharmaceutical Statistics 2 (2), 137–170."␞https://academic.microsoft.com/#/detail/1967449535
"J. Nešetřil and V. Rödl. The partite construction and Ramsey set systems. ¦Discrete Mathematics¦, 75(1-3):327–334, 1989."␞https://academic.microsoft.com/#/detail/2062861878
"E. Seiler, ¦Gauge Theories as a Problem of Constructive Quantum Field Theory and Statistical Mechanics¦, Lecture Notes in Physics Vol. 159 (Springer, Berlin, 1982)."␞https://academic.microsoft.com/#/detail/1608098855
"M. Gaye, Y. Chitour, and P. Mason. Properties of barabanov norms and extremal trajectories associated with continuous-time linear switched systems. In ¦Proceedings of the 52nd IEEE Conference on Decision and Control¦, pages 716–721, Florence, Italie, 2013."␞https://academic.microsoft.com/#/detail/2090302562
"Kováčik R. and Ederer C., ¦Phys. Rev. B¦ ¦80¦ (2009) 140411; Kim M. ¦et al.¦, ¦Phys. Rev. B¦ ¦81¦ (2010) 100409."␞https://academic.microsoft.com/#/detail/1758648405
"Morandi, G., Ferrario, C., Lo Vecchio, G., Marmo, G. and Rubano, C. (1990). The inverse problem in the calculus of variations and the geometry of the tangent bundle, ¦Phys. Rep.¦ ¦188¦, 147."␞https://academic.microsoft.com/#/detail/2026992500
"G. Da Prato and J. Zabczyk, Ergodicity for infinite dimensional systems, London Mathematical Society Lecture Note Series,¦ 229, Cambridge University Press, 1996.¦"␞https://academic.microsoft.com/#/detail/1530927473
"R. Trotta, ¦Bayes in the sky: Bayesian inference and model selection in cosmology¦, ¦Contemp. Phys.¦ ¦49¦ (2008) 71–104, [arXiv:0803.4089]."␞https://academic.microsoft.com/#/detail/2021748112
"Christof, J., M. Gebhardt, A. E.-M. Clemen, J. Jaud, , and M. Rief, 2006. Myosin-V is a mechanical ratchet. ¦Proc. Natl. Acad. Sci. U.S.A.¦ 103:8680–8685."␞https://academic.microsoft.com/#/detail/2095633207
"G.M. Molchan: Burgers equation with self-similar Gaussian initial data: tail probabilities. J. of Stat. Phys. 88 (1997) 1139–1150."␞https://academic.microsoft.com/#/detail/2000957076
"Arata, I., Y. Ohno, F. Matsukura, and H. Ohno, 2001, “Temperature dependence of electroluminescence and I-V characteristics of ferromagnetic/non-magnetic semiconductor pn junctions,” Physica E ¦10¦, 288–291."␞https://academic.microsoft.com/#/detail/1987870048
"I. Zlatev, L. Wang and P.J. Steinhardt, Phys. Rev. Lett. ¦82¦, 896 (1999); Phys. Rev. D ¦59¦, 123504 (1999)."␞https://academic.microsoft.com/#/detail/2032901690
"A. Valentini, in: ¦Bohmian Mechanics and Quantum Theory: an Appraisal¦, eds. J. T. Cushing ¦et al¦. (Kluwer, Dordrecht, 1996)."␞https://academic.microsoft.com/#/detail/207861407
"R. Killip, S. Kwon, S. Shao, and M. Visan. On the mass-critical generalized KdV equation. ¦Discrete Contin. Dyn. Syst.¦, 32(1):191–221, 2012."␞https://academic.microsoft.com/#/detail/1975802612
"Danilo Jimenez Rezende and Shakir Mohamed. Variational inference with normalizing flows. ¦arXiv preprint arXiv:1505.05770¦, 2015."␞https://academic.microsoft.com/#/detail/299440670
"D. Rossi and G. Rossini, “On sizing CCN content stores by exploiting topological information,” in ¦Proc. IEEE NOMEN¦, 2012."␞https://academic.microsoft.com/#/detail/1985355206
"F. Bezrukov, A. Magnin, M. Shaposhnikov and S. Sibiryakov, JHEP 1101 (2011) 016 [arXiv:1008.5157]."␞https://academic.microsoft.com/#/detail/2064410211
"M. Horodecki, P. Horodecki, and R. Horodecki. Separability of mixed quantum states: linear contractions approach. preprint archiv quant-ph/0206008."␞https://academic.microsoft.com/#/detail/1668368460
"S. White, Phys. Rev. B ¦48¦, 10345 (1993)."␞https://academic.microsoft.com/#/detail/2016407890
"A. Brandt et al., [UA8 Collaboration], Evidence for a Super-Hard Pomeron Structure, submitted to Phys. Lett. 1992."␞https://academic.microsoft.com/#/detail/1983143801
"¦Fan, T.-H.¦ & ¦Berger, J. O.¦ (2000). Robust Bayesian displays for standard inferences concerning a normal mean. ¦Computational Statistics & Data Analysis¦ 33 381–399."␞https://academic.microsoft.com/#/detail/2030654698
"S. Ryu, J. E. Moore, and A. W. W. Ludwig, Phys. Rev. B ¦85¦, 045104 (2012), ¦arXiv:1010.¦0936."␞https://academic.microsoft.com/#/detail/2083123179
"P. Balaz, V. K. Dugaev, and J. Barnaś Phys. Rev. B ¦85¦, 024416 (2012)"␞https://academic.microsoft.com/#/detail/2322343165
"T. Giamarchi and A. Tsvelik, Phys. Rev. B ¦59¦, 11398 (1999)."␞https://academic.microsoft.com/#/detail/2069018114
"M. Molloy and B. Reed. The size of the giant component of a random graph with a given degree sequence. ¦Combin. Probab. Comput.¦, ¦7¦(3):295–305, (1998)."␞https://academic.microsoft.com/#/detail/2129918926
"D. W. Sivers, Phys. Rev. D ¦41¦, 83 (1990); Phys. Rev. D ¦43¦, 261 (1991)."␞https://academic.microsoft.com/#/detail/2174029682
"J. Boronat and J. Casulleras, Phys. Rev. B ¦49¦, 8920 (1994)."␞https://academic.microsoft.com/#/detail/1982967539
"J. N. Bandyopadhyay and A. Lakshminarayan, Phys. Rev. E ¦69¦, 016201 (2004)."␞https://academic.microsoft.com/#/detail/1977839735
"Priest ER, Forbes TG (2002) The magnetic nature of solar flares. 10:313–377, DOI 10.1007/s001590100013"␞https://academic.microsoft.com/#/detail/2014209718
"W. Woerndl, C. Schueller, and R. Wojtech. A hybrid recommender system for context-aware recommendations of mobile applications. In Proceedings of ICDEW '07¦, pages 871–878, Washington, DC, USA, 2007. IEEE Computer Society.¦"␞https://academic.microsoft.com/#/detail/2112166834
"[auto:STB|2013/06/05|13:45:01] Worsley, K. J.K. J., Liao, C. H.C. H., Aston, J.J., Petre, V.V., Duncan, G. H.G. H., Morales, F.F. Evans, A. C.A. C. (2002). A general statistical analysis for fMRI data. NeuroImage 15 1–15. imsref"␞https://academic.microsoft.com/#/detail/1975938737
"L.H. Ford and N.F. Svaiter, Phys. Rev. D ¦58¦, 065007 (1998), quant-ph/9804056."␞https://academic.microsoft.com/#/detail/1963985219
"H. Häffner, S. Gulde, M. Riebe, G. Lancaster, C. Becher, J. Eschner, F. Schmidt-Kaler, R. Blatt, Precision measurement and compensation of optical Stark shifts for an ion-trap quantum processor, Phys. Rev. Lett. 90 (2003) 143602."␞https://academic.microsoft.com/#/detail/2129198554
"I. Jeon, K. Lee, J.-H. Park, and Y. Suh, ¦Stringy Unification of Type IIA and IIB Supergravities under N=2 D=10 Supersymmetric Double Field Theory¦, ¦Phys.Lett.¦ ¦B723¦ (2013) 245–250, [arXiv:1210.5078]."␞https://academic.microsoft.com/#/detail/1967998606
"Z.A. Anastassi and T.E. Simos: A Trigonometrically-Fitted Runge-Kutta Method for the Numerical Solution of Orbital Problems, New Astronomy, 10, 301-309 (2005)"␞https://academic.microsoft.com/#/detail/2024993485
"Fletcher, A. 2010, in Astronomical Society of the Pacific Conference Series, Vol. 438, The Dynamic Interstellar Medium: A Celebration of the Canadian Galactic Plane Survey, ed. R. Kothes, T. L. Landecker, & A. G. Willis, 197"␞https://academic.microsoft.com/#/detail/1671679100
"V. A. Belinsky, I. M. Khalatnikov, and E. M. Lifshitz. Oscillatory approach to a singular point in the relativistic cosmology. ¦Adv. Phys.¦, 19:525–573, 1970."␞https://academic.microsoft.com/#/detail/2048737175
"Allen, D. A. et al., 1993. IRIS – an Infrared Imager and Spectrometer for the Anglo-Australian Telescope. Proceedings of the Astronomical Society of Australia 10, 298."␞https://academic.microsoft.com/#/detail/91162570
"D. Cooper, ¦Automorphisms of free groups have finitely generated fixed point sets.¦ J. Algebra, ¦111¦ (1987), no. 2 453–456"␞https://academic.microsoft.com/#/detail/2076181847
"J.-L. Lehners and P. J. Steinhardt, “Intuitive understanding of non-gaussianity in ekpyrotic and cyclic models,” Phys.Rev. D78 (2008) 023506, arXiv:0804.1293 [hep-th]."␞https://academic.microsoft.com/#/detail/2592352904
"Z.-B. Wu, Global transposable characteristics in the complete DNA sequence of the yeast. ¦Physica A¦ ¦389¦ (2010) 5698."␞https://academic.microsoft.com/#/detail/1548592618
"E. Nowak, F. Jurie, and B. Triggs. Sampling strategies for bag-of-features image classification. In ¦Computer Vision–ECCV 2006¦, pages 490–503. Springer, 2006."␞https://academic.microsoft.com/#/detail/2171896402
"Benjamin C. Pierce. Types and programming languages: The next generation. ¦LICS'03¦, 2003."␞https://academic.microsoft.com/#/detail/1951034176
"G. Tardos and G. Tóth. Multiple coverings of the plane with triangles. ¦Discrete & Computational Geometry¦, 38(2):443–450, 2007."␞https://academic.microsoft.com/#/detail/2043718124
"T. Rivière, ¦Analysis aspects of Willmore surfaces,¦ Invent. Math., Vol. 174, (2008), 1–45."␞https://academic.microsoft.com/#/detail/1606077524
"H. Mabuchi, ¦Phys. Rev. A ¦85, 015806 (2012)."␞https://academic.microsoft.com/#/detail/1620088716
"I. Schienbein, J. Y. Yu, K. Kovarik, C. Keppel, J. G. Morfin, F. Olness and J. F. Owens, Phys. Rev. D ¦80¦, 094004 (2009)"␞https://academic.microsoft.com/#/detail/2050053974
"D.Q. Goldin, S.A. Smolka, P.C. Attie, E.L. Sonderegger, ¦Turing machines, transition systems and interaction¦, manuscript, 2003."␞https://academic.microsoft.com/#/detail/2048671682
"P. Collet and J.P. Eckmann, ¦Iterated Maps on the Interval as Dynamical Systems¦, (Birkhäuser, Basel, 1980)."␞https://academic.microsoft.com/#/detail/1573241742
"M. F. Maghrebi, R. L. Jaffe, and M. Kardar, Phys. Rev. Lett. ¦108¦, 230403 (2012)."␞https://academic.microsoft.com/#/detail/2025571896
"A. Minami and A. Onuki, Phys. Rev. B ¦70¦, 184114 (2004); Acta Mater. ¦55¦, 2375 (2007)."␞https://academic.microsoft.com/#/detail/1514590689
"Kfir Blum, Anson Hook, and Kohta Murase, “High energy neutrino telescopes as a probe of the neutrino mass mechanism,” (2014), ¦arXiv:1408.3799 [hep-ph]¦ ."␞https://academic.microsoft.com/#/detail/1628049864
"O. E. Buryak, Phys. Rev. D ¦53¦ (1996) 1763 [gr-qc/9502032]."␞https://academic.microsoft.com/#/detail/2069968655
"Kolb, E. W.; Turner, M. S. The Early Universe, AddisonWesley Publishing Company: California, USA, 1990."␞https://academic.microsoft.com/#/detail/2595419339
"G. Binasch, P. Grünberg, F. Saurenbach, and W. Zinn, Phys. Rev. B ¦39¦, 4828 (1989)."␞https://academic.microsoft.com/#/detail/2043072234
"JC Baygents and DA Saville. The circulation produced in a drop by an electric field: a high field strength electrokinetic model. In ¦AIP Conference Proceedings¦, volume 197, pages 7–17. AIP, 1990."␞https://academic.microsoft.com/#/detail/1612371284
"E. Altman and R. Vosk, ¦Annual Review of Condensed Matter Physics ¦6, 383 (2015)."␞https://academic.microsoft.com/#/detail/2166587989
"J.-M. Souriau, ¦Structure des systèmes dynamiques¦ (Dunod, 1970)."␞https://academic.microsoft.com/#/detail/108534386
"F. Horn. Explicit Muller games are PTIME. In ¦Proc. 28th Conference on Foundations of Software Technology and Theoretical Computer Science (FSTTCS'08)¦, LIPIcs 2, p. 235–243. Leibniz-Zentrum für Informatik, 2008."␞https://academic.microsoft.com/#/detail/2240543079
"A. G. Izergin and V. E. Korepin, ¦“The Inverse Scattering Method Approach To The Quantum Shabat-Mikhailov Model,”¦ Commun. Math. Phys. ¦79¦ (1981) 303."␞https://academic.microsoft.com/#/detail/1977168974
"¦Balzano, V. A.¦ 1983 Star-burst Galactic Nuclei. ¦ApJ¦ ¦268¦, 602–627."␞https://academic.microsoft.com/#/detail/2059760395
"M. Ishak, A. Upadhye, D. N. Spergel, Phys. Rev. D ¦74¦, 043513 (2006) [arXiv:astro-ph/0507184]."␞https://academic.microsoft.com/#/detail/2044422425
"M. Lynker and R. Schimmrigk, ¦Landau–Ginzburg theories as orbifolds¦, Phys. Lett. ¦B249¦ (1990) 237"␞https://academic.microsoft.com/#/detail/2030907161
"S. T. Petcov, T. Shindou and Y. Takanishi, Nucl. Phys. B ¦738¦, 219 (2006) [arXiv:hep-ph/0508243]."␞https://academic.microsoft.com/#/detail/2007551251
"J. E. Lye, L. Fallani, C. Fort, V. Guarrera, M. Modugno, D. S. Wiersma, and M. Inguscio, Phys. Rev. A ¦75¦, 061603(R) (2007)."␞https://academic.microsoft.com/#/detail/2015993116
"J. P. Perdew, K. Burke, and M. Ernzerhof, Phys. Rev. Lett. ¦77¦, 3865 (1996)."␞https://academic.microsoft.com/#/detail/1981368803
"J. F. Clauser, M. A. Horne, A. Shimony, and R. A. Holt, Physical Review Letters ¦23¦, 880 (1969), URL ¦http://¦doi.org/10.1103/PhysRevLett.23.880."␞https://academic.microsoft.com/#/detail/2028815089
"M. Horodecki and P. Horodecki, ¦Phys. Rev. A ¦59, 4206 (1999)."␞https://academic.microsoft.com/#/detail/2000407553
"B. Mazur, ¦Rational isogenies of prime degree¦. Invent. Math. ¦44¦ (1978), 129–162."␞https://academic.microsoft.com/#/detail/2011844852
"Arnold, B.C, Balakrishnan, N., Nagaraja H.N., (1992), ¦A First course in order statistics¦, Wiley and sons."␞https://academic.microsoft.com/#/detail/2318245334
"K. Bamba and S. D. Odintsov, JCAP ¦0804¦, 024 (2008) [arXiv:0801.0954 [astro-ph]]."␞https://academic.microsoft.com/#/detail/2065428968
"Mujherjee N. P. and Bhattacharya, P., Fuzzy Groups Some Group-Theoretic Analogs, Information Science39,247-268 (1986)."␞https://academic.microsoft.com/#/detail/1999360086
"¦Karen Suzanne Oberhauser, M. J. S.¦ ¦The monarch butterfly: biology and conservation¦. Cornell university press, 2004."␞https://academic.microsoft.com/#/detail/570971783
"A. Belloni, V. Chernozhukov, and C. Hansen. Inference for high-dimensional sparse econometric models. ¦Advances in Economics and Econometrics: The 2010 World Congress of the Econometric Society¦, 3:245–295, 2013."␞https://academic.microsoft.com/#/detail/1720842782
"M. I. Aroyo, A. Kirov, C. Capillas, J. M. Perez-Mato, and H. Wondratschek, ¦Acta Cryst. A ¦62, 115 (2006b)."␞https://academic.microsoft.com/#/detail/1996820002
"V. Del Duca and C. R. Schmidt, ¦Dijet Production At Large Rapidity Intervals,¦ 4919944510 [9311290]."␞https://academic.microsoft.com/#/detail/2003427747
"G. F. Giudice and A. Strumia, Nucl. Phys. B ¦858¦ (2012) 63 [arXiv:1108.6077 [hep-ph]]."␞https://academic.microsoft.com/#/detail/2015208992
"C. D. Herrera, J. Kannala, P. Sturm, and J. Heikkila. A learned joint depth and intensity prior using markov random fields. In ¦3DTV-Conference, 2013 International Conference on¦, pages 17–24. IEEE, 2013."␞https://academic.microsoft.com/#/detail/1994295411
"J. Zhu, S. Rosset, T. Hastie, and R. Tibshirani. 1-norm support vector machines. In ¦Advances in Neural Information Processing Systems (NIPS)¦, volume 16, pages 49–56, 2004."␞https://academic.microsoft.com/#/detail/2249237221
"M. Beynon, B. Curry, and P. Morgan, ""The Dempster-Shafer theory of evidence:an alternative approach to multicriteria decision modelling"", ¦Omega¦, vol. 28, no. 1, pp. 37–50, 2000."␞https://academic.microsoft.com/#/detail/2121042048
"S. Flach, M. V. Ivanchenko, and O. I. Kanakov, Phys. Rev. Lett. ¦95¦, 064102/1-4 (2005)."␞https://academic.microsoft.com/#/detail/2004622729
"P. Carrasco, A. M. Cegarra, and A. R. Garzon. Nerves and classifying spaces for bicategories, 2010."␞https://academic.microsoft.com/#/detail/2108966476
"R. Sandhu, S. Dambreville, A. Tannenbaum, Particle Filtering for Registration of 2D and 3D Point Sets with Stochastic Dynamics. Pro. of IEEE Conference on Computer Vision and Pattern Recognition, 2008, pp. 1-8."␞https://academic.microsoft.com/#/detail/2146847221
"S. Ji, Y. Xue and L. Carin, “Bayesian compressive sensing,” ¦IEEE Trans. Signal Process.¦, vol. 56, no. 6, pp. 2346–2356, 2008."␞https://academic.microsoft.com/#/detail/2071284784
"Jun Li. A degeneration formula of GW-invariants. ¦J. Differential Geom.¦, 60(2):199–293, 2002."␞https://academic.microsoft.com/#/detail/1484479264
"J. Milnor, Dynamics in One Complex Variable, Vieweg, Göttingen, 2000."␞https://academic.microsoft.com/#/detail/1603977374
"¦Marcheselli, M., Baccini, A. and Barabesi, L. ¦ (2008). Parameter estimation for the discrete stable family. ¦Communications in Statistics - Theory and Methods¦ ¦37¦ 815–830."␞https://academic.microsoft.com/#/detail/2035009392
"A. Chantasri, J. Dressel, and A. N. Jordan, Action principle for continuous quantum measurement, ¦Phys. Rev. A ¦88, 042110 (2013)."␞https://academic.microsoft.com/#/detail/2025224750
"A. Strominger, ¦Black hole entropy from near horizon microstates¦, ¦JHEP¦ ¦9802¦ (1998) 009, [hep-th/9712251]."␞https://academic.microsoft.com/#/detail/2058588165
"C. I. Lazaroiu, “On the structure of open-closed topological field theory in two dimensions,” Nucl. Phys. B ¦603¦, 497 (2001) arXiv:hep-th/0010269."␞https://academic.microsoft.com/#/detail/2033747261
"Liao, L. Z., Qi, H., & Qi, L. (2004). Neurodynamical optimization. ¦Journal of Global Optimization¦, 28(2), 175-195."␞https://academic.microsoft.com/#/detail/2340554656
"J. L. Lions, ¦Quelques méthodes de résolution des problèmes aux limites non linéaires¦, Dunod, Paris, 1969."␞https://academic.microsoft.com/#/detail/1519031678
"M. Scully and W. E. Lamb, Jr. Quantum theory of an optical maser. ¦Phys. Rev. Lett.¦, 16(19):853–855, 1966."␞https://academic.microsoft.com/#/detail/2015518403
"G. Lanckriet, M. Deng, N. Cristianini, M. Jordan, W. Noble, Kernel-based data fusion and its application to protein function prediction in yeast, in: Proceedings of the Pacific Symposium on Biocomputing, Vol. 9, 2004, pp. 300–311."␞https://academic.microsoft.com/#/detail/2013502943
"Aharonson, O., Hayes, A. G., Lunine, J. I., Lorenz, R. D., Allison, M. D., Elachi, C., Dec. 2009. An asymmetric distribution of lakes on Titan as a possible consequence of orbital forcing. Nature Geoscience 2, 851–854."␞https://academic.microsoft.com/#/detail/2083408367
"K. Ito and S. S. Ravindran. A reduced-order method for simulation and control of fluid flows. ¦Journal of Computational Physics¦, 143(2):403–425, 1998."␞https://academic.microsoft.com/#/detail/2045627558
"P. You, Y. Sun, J. Pang, S. Low, and M. Chen, “Battery swapping assignment for electric vehicles: A bipartite matching approach,” SIGMETRICS Performance Evaluation Review¦, vol. 45, no. 2, pp. 85–87, 2017.¦"␞https://academic.microsoft.com/#/detail/2762188191
"¦Panjer H. (1981). Recursive evaluation of a family of compound distributions. ¦ASTIN Bulletin¦ ¦12¦, 22-26.¦"␞https://academic.microsoft.com/#/detail/2156812602
"M. Ibrahim, S. Muralidharan, Z. Deng, A. Vahdat, and G. Mori. A hierarchical deep temporal model for group activity recognition. In Computer Vision and Pattern Recognition¦, 2016.¦"␞https://academic.microsoft.com/#/detail/2259801182
"B. G. Saar, C. W. Freudiger, J. Reichman, C. M. Stanley, G. R. Holtom, and X. S. Xie, “Video-rate molecular imaging in vivo with stimulated raman scattering,” Science ¦330¦, 1368–1370 (2010)."␞https://academic.microsoft.com/#/detail/2096138335
"J. L. Feng, C. F. Kolda and N. Polonsky, Nucl. Phys. B ¦546¦, 3 (1999) [arXiv:hep-ph/9810500]; J. Bagger, J. L. Feng and N. Polonsky, Nucl. Phys. B ¦563¦, 3 (1999) [arXiv:hep-ph/9905292]; J. A. Bagger, J. L. Feng, N. Polonsky and R. J. Zhang, Phys. Lett. B ¦473¦, 264 (2000) [arXiv:hep-ph/9911255]; H. Baer, C. Balazs, M. Brhlik, P. Mercadante, X. Tata and Y. Wang, Phys. Rev. D ¦64¦, 015002 (2001) [arXiv:hep-ph/0102156]."␞https://academic.microsoft.com/#/detail/1997759872
"R. Fei, V. Tran, and L. Yang, ¦Phys. Rev. B ¦91, 195319 (2015)."␞https://academic.microsoft.com/#/detail/1590844150
"G. Thalhammer ¦et al.¦, Phys. Rev. Lett. ¦100¦, 210402 (2008)"␞https://academic.microsoft.com/#/detail/1601643666
"D. S. Petrov, G. V. Shlyapnikov, and J. T. M. Walraven, Phys. Rev. Lett. ¦87¦, 050404 (2001)."␞https://academic.microsoft.com/#/detail/2072707005
"Z. Bern, L. J. Dixon, D. C. Dunbar and D. A. Kosower, “Fusing gauge theory tree amplitudes into loop amplitudes,” Nucl. Phys. B ¦435¦, 59 (1995) [hep-ph/9409265]."␞https://academic.microsoft.com/#/detail/2021404114
"D. Telnov and S.-I. Chu, Phys. Rev. A ¦79¦, 041401(R) (2009)."␞https://academic.microsoft.com/#/detail/2046622440
"S. Gupta, Phys. Rev. D ¦64¦ (2001) 034507 [hep-lat/0010011]."␞https://academic.microsoft.com/#/detail/2616732687
"T. Alazard, J.M. Delort, Global solutions and asymptotic behavior for two dimensional gravity water waves, ¦Preprint¦, 2013."␞https://academic.microsoft.com/#/detail/1585883756
"M. Gastpar and M. Vetterli, “On the capacity of wireless networks: the relay case,” in ¦Proc. IEEE Infocom¦, June 2002."␞https://academic.microsoft.com/#/detail/2097463269
"G. Vidal, “Efficient classical simulation of slightly entangled quantum computations,” Phys. Rev. Lett. 91 (2003)."␞https://academic.microsoft.com/#/detail/2036604884
"I. Frank and J. Friedman. A statistical view of some chemometrics regression tools (with discussion). ¦Technometrics¦, 35:109–148, 1993."␞https://academic.microsoft.com/#/detail/2079775628
"S. Rajagopalan and V. Vazirani. Primal-dual rnc approximation algorithms for set cover and covering integer programs. ¦SIAM Journal of Computing¦, 28(2):525–540, 1998."␞https://academic.microsoft.com/#/detail/1988837529
"E. N. Parker: ¦Cosmical Magnetic Fields: Their Origin and Their Activity¦, (Clarendon, Oxford 1979)"␞https://academic.microsoft.com/#/detail/1661725509
"Li, J., Xin, Z.: Some uniform estimates and blowup behavior of global strong solutions to the Stokes approximation equations for two-dimensional compressible flows. J. Differ. Eqs. ¦221¦(2), 275-308 (2006)."␞https://academic.microsoft.com/#/detail/2012319434
"L. Visinelli, ¦Observational Constraints on Monomial Warm Inflation¦, JCAP ¦07¦ (2016) 054."␞https://academic.microsoft.com/#/detail/2403695403
"T. Kimura and V. Pestun, arXiv:1608.04651"␞https://academic.microsoft.com/#/detail/2513775828
"S. Benvegnù, L. Da̧browski: ¦Relativistic point interaction¦, Lett. Math. Phys. ¦30¦ (1994), 159–167."␞https://academic.microsoft.com/#/detail/2053324072
"M. Abramowitz and I. A. Stegun, ¦Handbook of Mathematical Functions¦ (Dover, New York, 1970)."␞https://academic.microsoft.com/#/detail/2120062331
"A. Korobeinikov, P. K. Maini, A Lyapunov function and global properties for SIR and SEIR epidemiological models with nonlinear incidence, Math. Biosci. Eng. 1 (1) (2004) 57–60."␞https://academic.microsoft.com/#/detail/2160057076
"S. J. Weidenschilling and F. Marzari. Gravitational scattering as a possible origin for giant planets at small stellar distances. , 384:619–621, December 1996."␞https://academic.microsoft.com/#/detail/2068108425
"I. Carusotto, D. Gerace, H. E. Tureci, S. De Liberato, C. Ciuti, and A. Imamoglu, Fermionized Photons in an Array of Driven Dissipative Nonlinear Cavities, ¦Phys. Rev. Lett. ¦103, 033601 (2009)."␞https://academic.microsoft.com/#/detail/2100065221
"I.Ya. Aref'eva, P.B. Medvedev, A.P. Zubarev, “New representation for string field solves the consistency problem for open superstring field theory,"" Nuclear Physics B, Volume 341, Issue 2."␞https://academic.microsoft.com/#/detail/2098143658
"H. Baer and X. Tata, ¦Weak scale supersymmetry: From superfields to scattering events¦, . Cambridge, UK: Univ. Pr. (2006) 537 p."␞https://academic.microsoft.com/#/detail/1575963702
"Ron Kimmel and Nahum Kiryati. Finding shortest paths on surfaces by fast global approximation and precise local refinement. ¦International Journal of Pattern Recognition and Artificial Intelligence¦, 10(6):643–656, 1996."␞https://academic.microsoft.com/#/detail/2019758632
"W.B. Kilgore, ¦One-Loop Single-Real-Emission Contributions to FORMULA at Next-to-Next-to-Next-to-Leading Order¦, ¦Phys. Rev.¦ ¦D89¦ (2014) 073008 [arXiv:1312.1296]."␞https://academic.microsoft.com/#/detail/2057405276
"Kielpinski D ¦Phys. Rev. A.¦ ¦73¦ 063407 (2006)"␞https://academic.microsoft.com/#/detail/2039261148
"Gavrilov,L.A. FORMULA Gavrilova N.S (1991) , The Biology of life span: a quantitative approach, N.Y.:Harwood Academic Publisher."␞https://academic.microsoft.com/#/detail/1979363640
"M. Scadron, Phys. Rev. D ¦26¦, 239 (1982)."␞https://academic.microsoft.com/#/detail/2141883609
"Y. Aoki, Z. Fodor, S. Katz, and K. Szabo, ¦Phys.Lett. ¦B643, 46 (2006), ¦arXiv:hep-lat/0609068 [hep-lat]¦ ."␞https://academic.microsoft.com/#/detail/2020173052
"M. Glück, E. Reya, M. Stratmann, and W. Vogelsang, Phys. Rev. D ¦53¦ 4775 (1996)."␞https://academic.microsoft.com/#/detail/1550005211
"J.-Y. Courtois, G. Grynberg, B. Lounis and P. Verkerk, Phys. Rev. Lett. ¦72¦, 3017 (1994)."␞https://academic.microsoft.com/#/detail/2074496196
"U. Leonhardt, ""Measuring the quantum state of light"", Cambridge University press, Cambridge, 1997."␞https://academic.microsoft.com/#/detail/1996720084
"M. T. Glossop and K. Ingersent, Phys. Rev. Lett. ¦95¦, 067202 (2005); Phys. Rev. B ¦75¦, 104410 (2007)."␞https://academic.microsoft.com/#/detail/2013030742
"A. Giveon, A. Konechny, A. Pakman, and A. Sever, ¦Type 0 strings in a 2-d black hole¦, ¦JHEP¦ ¦10¦ (2003) 025, [hep-th/0309056]."␞https://academic.microsoft.com/#/detail/2070010107
"Hubbard, P. M., 1996. “Approximating polyhedra with spheres for time-critical collision detection”. ACM Transac, 15¦(3), pp. 179–210.¦"␞https://academic.microsoft.com/#/detail/2053212688
"T. Xu, L. Ma and G. Sternberg, “Practical interference alignment and cancellation for MIMO underlay cognitive radio networks with multiple secondary users,” ¦IEEE GLOBECOM,¦ pp. 1031–1036, Dec. 2013."␞https://academic.microsoft.com/#/detail/2073404794
"T. S. Han and K. Kobayashi, “Exponential-type error probabilities for multiterminal hypothesis testing,” ¦IEEE Trans. Inform. Theory¦, vol. 35, no. 1, pp. 2–14, January 1989."␞https://academic.microsoft.com/#/detail/2071851353
"P. Fendley, F. Lesage, and H. Saleur, ¦Journal of Statistical Physics ¦85, 211 (1996)."␞https://academic.microsoft.com/#/detail/2007477100
"Akimasa Miyake and Miki Wadati. Geometric strategy for the optimal quantum search. ¦Phys. Rev. A¦, 64:042317, Sep 2001."␞https://academic.microsoft.com/#/detail/2145249001
"Griffiths, G.A., Estimation of landform life expectancy, ¦Geology, 21¦, 403-406, 1993."␞https://academic.microsoft.com/#/detail/1983389789
"J.-P. Kahane, ¦Random coverings and multiplicative processes¦, In Fractal geometry and stochastics, II (Greifswald/Koserow, 1998), Progr. Probab. ¦46¦, 125–146, Birkhäuser, 2000."␞https://academic.microsoft.com/#/detail/2125142036
"D. C. Cox, “Antenna diversity performance in mitigating the effects of portable radiotelephone orientation and multipath propagation,” ¦IEEE Trans. Commun.¦, vol. 31, pp. 620–628, May 1983."␞https://academic.microsoft.com/#/detail/2120721514
"Doron Zeilberger, ¦The algebra of linear partial difference operators and its applications¦, SIAM J. Math. Anal. ¦11¦ (1980), no. 6, 919–932."␞https://academic.microsoft.com/#/detail/1991175354
"D. T. Limmer and D. Chandler. The putative liquid-liquid transition is a liquid-solid transition in atomistic models of water. ¦The Journal of Chemical Physics¦, 135(13):134503, 2011."␞https://academic.microsoft.com/#/detail/2599889364
"M. G. Santos ¦et al.¦, “Cosmology with a SKA HI intensity mapping survey,” PoS AASKA14 (2015) 019 [arXiv:1501.03989 [astro-ph.CO]]."␞https://academic.microsoft.com/#/detail/1596200123
"L. Castillejo, R.H. Dalitz and F.J. Dyson, ¦Low's Scattering Equation for the Charged and Neutral Scalar Theories¦, Phys. Rev. ¦101¦ (1956) 453-458."␞https://academic.microsoft.com/#/detail/2028108845
"S. Jennewein, M. Besbes, N. J. Schilder, S. D. Jenkins, C. Sauvan, J. Ruostekoski, J.-J. Greffet, Y. R. P. Sortais, and A. Browaeys, ¦Phys. Rev. Lett. ¦116, 233601 (2016)."␞https://academic.microsoft.com/#/detail/2345644887
"M. Chernicoff, J. A. Garcia, A. Guijosa and J. F. Pedraza, “Holographic Lessons for Quark Dynamics,” J. Phys. G ¦39¦, 054002 (2012) [arXiv:1111.0872 [hep-th]]."␞https://academic.microsoft.com/#/detail/2106350856
"C. E. Antoniak. Mixtures of Dirichlet processes with applications to Bayesian nonparametric problems. ¦The Annals of Statistics¦, 2(6):1152–1174, 1974."␞https://academic.microsoft.com/#/detail/1967687583
"R.D. Astumian : Symmetry relations for trajectories of a brownian motor, ¦Phys. Rev. E¦ ¦76¦, 020102 (2007)."␞https://academic.microsoft.com/#/detail/2066644069
"Forest, S., Micromorphic approach for gradient elasticity, viscoplasticity, and damage. ¦Journal of Engineering Mechanics¦, 135, 117-131 (2009)."␞https://academic.microsoft.com/#/detail/2157979983
"L. Sironi and A. Spitkovsky, Astrophys. J. ¦726¦, 75 (2011) [arXiv:1009.0024 [astro-ph.HE]]."␞https://academic.microsoft.com/#/detail/2032048508
"T. L. Barklow, arXiv:hep-ph/0312268."␞https://academic.microsoft.com/#/detail/2142208316
"M. Sharir and J. Solymosi, ¦Distinct distances from three points¦, to appear in Combinatorics, Probability and Computing. Also in arXiv:1308.0814."␞https://academic.microsoft.com/#/detail/2100718844
"Ferrari, A. C., ¦et al.¦ Raman spectrum of graphene and graphene layers. ¦Phys. Rev. Lett.¦ ¦97¦, 187401 (2006)."␞https://academic.microsoft.com/#/detail/2136334331
"M. Grützmann, T. Strobl, General Yang-Mills type gauge theories for p-form gauge fields: From physics-based ideas to a mathematical framework OR From Bianchi identities to twisted Courant algebroids, arXiv:1407.6759."␞https://academic.microsoft.com/#/detail/2107310943
"K. Maeda, M. Natsuume and T. Okamura, ¦Vortex lattice for a holographic superconductor¦, ¦Phys. Rev. D¦ ¦81¦ (2010) 026002."␞https://academic.microsoft.com/#/detail/2111816020
"Y. Lai and T. Tél, ¦Transient Chaos - Complex Dynamics on Finite-Time Scales¦ (Springer, 2011)."␞https://academic.microsoft.com/#/detail/654916661
"T. Gehrmann, Nucl. Phys. B ¦534¦, 21 (1998) [arXiv:hep-ph/9710508]."␞https://academic.microsoft.com/#/detail/2073871748
"J. W. Fisher and S. Montgomery, ¦Semiprime skew group rings¦, J. Algebra, 52, (1978), no. 1, 241-247"␞https://academic.microsoft.com/#/detail/1977258644
"CMS Collaboration, “Search for new physics in events with same-sign dileptons and b-tagged jets in pp collisions at FORMULA TeV”, ¦ JHEP¦ ¦ 08¦ (2012) 110, doi:tt10.1007/JHEP08(2012)110, arXiv:1205.3933."␞https://academic.microsoft.com/#/detail/2790162885
"Oded Goldreich and Madhu Sudan. Locally testable codes and pcps of almost-linear length. ¦J. ACM¦, 53(4):558–655, 2006."␞https://academic.microsoft.com/#/detail/2022381972
"¦J.-P. Serre¦, ¦Algebraic groups and class fields¦, vol. 117 of Graduate Texts in Mathematics, Springer-Verlag, New York, 1988. Translated from the French."␞https://academic.microsoft.com/#/detail/1572771201
"H. Cheung and E. K. Riedel, “Energy spectrum and persistent current in one-dimensional rings,” ¦Physical Review B¦, vol. 40, no. 14, pp. 9498–9501, Nov. 1989."␞https://academic.microsoft.com/#/detail/2006367954
"G.-B. Huang, Q.-Y. Zhu, K. Mao, C.-K. Siew, P. Saratchandran, and N. Sundararajan, “Can threshold networks be trained directly?” ¦IEEE Transactions on Circuits and Systems II: Express Briefs¦, vol. 53, no. 3, pp. 187–191, 2006."␞https://academic.microsoft.com/#/detail/2161055889
"Hauser, Oliver P, Rand, David G, Peysakhovich, Alexander, and Nowak, Martin A. Cooperating with the future. ¦Nature¦, 511(7508):220–223, 2014."␞https://academic.microsoft.com/#/detail/2072455842
"P. Arnoux, C. Mauduit, I. Shiokawa, and J. Tamura. Complexity of sequences defined by billiard in the cube. ¦Bull. Soc. Math. France¦, 122(1):1–12, 1994."␞https://academic.microsoft.com/#/detail/2089093075
"C. Klix, F. Ebert, F. Weysser, M. Fuchs, G. Maret, and P. Keim, Phys. Rev. Lett. ¦109¦, 178301 (2012)."␞https://academic.microsoft.com/#/detail/2163069494
"M. Srednicki, “Entropy and area,” Phys. Rev. Lett. ¦71¦, 666 (1993) [hep-th/9303048]."␞https://academic.microsoft.com/#/detail/2053387157
"Hughes, I.G. Velocity selection in a Doppler-broadened ensemble of atoms interacting with a monochromatic laser beam, ¦J. Mod. Opt.¦ ¦2017¦."␞https://academic.microsoft.com/#/detail/2617563275
"A. B. Aceves, J. V. Moloney , and A. C. Newell, ¦Phys. Rev. A.¦ ¦39¦ (1989) 1809."␞https://academic.microsoft.com/#/detail/2005701305
"H. Yabuki, “Feynman path integrals in the young double-slit experiment,” ¦International Journal of Theoretical Physics ¦25, 159–174 (1986)."␞https://academic.microsoft.com/#/detail/2028663815
"L. F. Santos and M. Rigol, Phys. Rev. E ¦81¦, 036206 (2010)."␞https://academic.microsoft.com/#/detail/2000628151
"W. H. Kleiner, L. M. Roth, and S. H. Autler, ¦Phys. Rev. ¦133, A1226 (1964)."␞https://academic.microsoft.com/#/detail/2047723053
"H.G. Bock, M. Diehl, E.A. Kostina, and J.P. Schlöder. Constrained optimal feedback control of systems governed by large differential algebraic equations. In L. Biegler, O. Ghattas, M. Heikenschloss, D. Keyes, and B. Bloemen Waanders, editors, ¦Real-Time PDE-Constrained Optimization¦, pages 3–22. SIAM, 2007."␞https://academic.microsoft.com/#/detail/2477791619
"D. Larson ¦et. al.¦, ¦Seven-Year Wilkinson Microwave Anisotropy Probe (WMAP) Observations: Power Spectra and WMAP-Derived Parameters¦, ¦Astrophys. J. Suppl.¦ ¦192¦ (2011) 16, [arXiv:1001.4635]."␞https://academic.microsoft.com/#/detail/2105687315
"G. Leon, Y. Leyva and J. Socorro, ¦Quintom phase-space: beyond the exponential potential¦, Phys. Lett. B732 (2014) 285–297, [1208.0061]."␞https://academic.microsoft.com/#/detail/2015773494
"Jennings E., Baugh C. M., Li B., Zhao G.-B., Koyama K., 2012, ArXiv:1205.2698 [astro-ph.CO]"␞https://academic.microsoft.com/#/detail/1836372023
"P. Hu and D. Ramanan. Bottom-up and top-down reasoning with hierarchical rectified gaussians. In Proc. IEEE Conf. Comp. Vis. Patt. Recogn.¦, pages 5600–5609, 2016.¦"␞https://academic.microsoft.com/#/detail/2346846221
"Whitall MWG, Gehring GA. Path integral approach to methyl group rotation. J Phys C 1987;20:1619-1639."␞https://academic.microsoft.com/#/detail/2084791981
"S.S. Gubser and I.R. Klebanov, “Absorption by Branes and Schwinger Terms in the World Volume Theory”, Phys. Lett. ¦B413¦ (1997) 41, hep-th/9708005."␞https://academic.microsoft.com/#/detail/2064448358
"R. Ferraro and F. Fiorini, Phys. Lett. B702, 75 (2011); R. Ferraro and F. Fiorini, arXiv:1106.6349 [gr-qc]."␞https://academic.microsoft.com/#/detail/2052693432
"Gert Almkvist and George E. Andrews, ¦A Hardy-Ramanujan formula for restricted partitions¦, Journal of Number Theory ¦38¦ (1991), no. 2, 135 – 144, Dedicated to the Memory of S. Ramanujan."␞https://academic.microsoft.com/#/detail/2016968046
"D. H. Lyth and D. Wands, Phys. Lett. B ¦524¦, 5 (2002) [arXiv:hep-ph/0110002]."␞https://academic.microsoft.com/#/detail/1979147028
"Rapoport A, Chammah A M (1966) The game of chicken, American Behavioral Scientist 10:10-14"␞https://academic.microsoft.com/#/detail/2050880379
"M. Proebster, M. Kaschub, T. Werthmann and S. Valentin, “Context-aware resource allocation for cellular wireless networks,” ¦EURASIP Journal on Wireless Communications and Networking¦, DOI: 10.1186/1687-1499-2012-216, Jul 2012."␞https://academic.microsoft.com/#/detail/2123032963
"Audinot, M., Pinchinat, S., Kordy, B.: Is my attack tree correct? In: ESORICS. LNCS, Springer (2017), (to appear)"␞https://academic.microsoft.com/#/detail/2744888375
"A. Kuhn, M. Hennrich, and G. Rempe, Phys. Rev. Lett. ¦89¦, 067901 (2002)."␞https://academic.microsoft.com/#/detail/2001597879
"I. F. Blake, Codes over certain rings, Inform. Control 20(1972), 396-404."␞https://academic.microsoft.com/#/detail/2016367126
"E. Braaten and H. W. Hammer, Phys. Rev. Lett. ¦91¦, 102002 (2003) [arXiv:nucl-th/0303038]."␞https://academic.microsoft.com/#/detail/2157831165
"J. Dai, Y. Li, K. He, and J. Sun. R-FCN: Object detection via region-based fully convolutional networks. In NIPS¦, 2016.¦"␞https://academic.microsoft.com/#/detail/2407521645
"Theano Development Team. 2016. Theano: A Python framework for fast computation of mathematical expressions. ¦arXiv e-prints¦, abs/1605.02688."␞https://academic.microsoft.com/#/detail/2384495648
"C.W.J. Granger. Investigating causal relations by econometric models and cross-spectral methods. Econometrica: Journal of the Econometric Society¦, pages 424–438, 1969.¦"␞https://academic.microsoft.com/#/detail/2178225550
"M. Eckstein and P. Werner, ¦Phys. Rev. B ¦82, 115115 (2010)."␞https://academic.microsoft.com/#/detail/2075658311
"H. Halpern, V. Kaftal and G. Weiss, ¦The Relative Dixmier Property in Discrete Crossed Products,¦ J. Functional Anal. ¦68¦(1986),"␞https://academic.microsoft.com/#/detail/1993094219
"H. Li and F. D. M. Haldane, Phys. Rev. Lett. ¦101¦, 010504 (2008)."␞https://academic.microsoft.com/#/detail/2082257352
"Bouchaud J.-P., Potters M., Meyer M. Apparent multifractality in financial time series ¦Eur. Phys. J. B ¦ ¦13¦ (2000) 595-599"␞https://academic.microsoft.com/#/detail/2110077303
"H Nakada, Phys Rev C ¦68¦, 014316 (2003)"␞https://academic.microsoft.com/#/detail/2005421586
"P. D. B. Collins, ¦An Introduction to Regge Theory and High-Energy Physics¦, . Cambridge 1977, 445p."␞https://academic.microsoft.com/#/detail/2054027276
"G. Schütz, S. Sandow, ¦Non–Abelian symmetries of stochastic processes: Derivation of correlation functions for random–vertex models and disordered–interacting–particle systems¦, Phys. Rev. E ¦49¦, 2726 (1994) ¦DOI:10.1103/PhysRevE.49.2726¦"␞https://academic.microsoft.com/#/detail/2012762389
"Waxman, E. 2010, arXiv:1010.5007"␞https://academic.microsoft.com/#/detail/2134348647
"W. Wang, S. G. Hanson, Y. Miyamoto, and M. Takeda, Phys. Rev. Lett. ¦94¦, 103902 (2005)."␞https://academic.microsoft.com/#/detail/2066919669
"¦W. Schoutens.¦ ¦Lévy Processes in Finance: Pricing Financial Derivatives.¦ Wiley series in probability and statistics, Wiley, Chichester, 2003."␞https://academic.microsoft.com/#/detail/2002530172
"K. K. Kwong, ¦Some sharp Hodge Laplacian and Steklov eigenvalue estimates for differential forms¦, Calc. Var. Partial Differential Equations ¦55¦ (2016), no. 2, Art. 38, 14. MR 3478292"␞https://academic.microsoft.com/#/detail/2309623648
"T. Iwashyna, J. Christie, J. Kahn, and D. Asch. Uncharted paths: hospital networks in critical care. CHEST¦, 135(3):827–833, 2009.¦"␞https://academic.microsoft.com/#/detail/2101874017
"A. Demir, A. Mehrotra, and J. Roychowdhury, “Phase noise in oscillators: A unifying theory and numerical methods for characterization,” IEEE Transactions on Circuits and Systems I: Fundamental Theory and Applications ¦47¦, 655–674 (2000)."␞https://academic.microsoft.com/#/detail/2111079473
"]csiszar78a Csiszár, I. and J. Körner, 1978, ¦Broadcast Channels with Confidential Messages¦, IEEE Trans. Inf. Theory ¦IT-24¦, 339."␞https://academic.microsoft.com/#/detail/2144007657
"F. Beaudoin, J. M. Gambetta, and A. Blais, Phys. Rev. A ¦84¦, 043832 (2011)."␞https://academic.microsoft.com/#/detail/2074456944
"R. Ablamowicz, B. Fauser, ¦On the transposition anti-involution in real Clifford algebras III: The automorphism group of the transposition scalar product on spinor spaces¦, Linear and Multilinear algebra, 60(6), 2012, 621-644."␞https://academic.microsoft.com/#/detail/2080980639
"H. Kanao, S. Tanaka, S. Oka, M. Hirata, S. Yoshida, K. Chayama, Narrow-band imaging magnification predicts the histology and invasion depth of colorectal tumors., Gastrointest Endosc 69 (3 Pt 2) (2009) 631–636."␞https://academic.microsoft.com/#/detail/2038420951
"S.Q. Murphy ¦et al.¦, Phys. Rev. Lett. ¦72¦, 728 (1994)."␞https://academic.microsoft.com/#/detail/2088746433
"Y. Kubo, C. Grezes, A. Dewes, T. Umeda, J. Isoya, H. Sumiya, N. Morishita, H. Abe, S. Onoda, T. Ohshima, V. Jacques, A. Dréau, J. -F. Roch, I. Diniz, A. Auffeves, D. Vion, D. Esteve, and P. Bertet. Phys. Rev. Lett. ¦107¦, 220501 (2011)."␞https://academic.microsoft.com/#/detail/2064756338
"Uriel Frisch, ¦Turbulence: The Legacy of A.N. Kolmogorov¦. (Cambridge University Press, Cambridge, 1995)."␞https://academic.microsoft.com/#/detail/1611318213
"Joe, H. (1997), ¦Multivariate Models and Multivariate Dependence Concepts¦, Boca Raton, FL: CRC Press."␞https://academic.microsoft.com/#/detail/2507039649
"A. Hanke, F. Schlesener, E. Eisenriegler, and S. Dietrich, Phys. Rev. Lett. ¦81¦, 1885 (1998b)."␞https://academic.microsoft.com/#/detail/2054116307
"O. Hohm, D. Lüst and B. Zwiebach, Fortsch. Phys. ¦61¦ (2013) 926 [arXiv:1309.2977 [hep-th]]."␞https://academic.microsoft.com/#/detail/2139390505
"F. Karsch and E. Laermann, Phys. Rev. D ¦50¦, 6954 (1994) ."␞https://academic.microsoft.com/#/detail/2132089715
"Lev Kapitanski. Global and unique weak solutions of nonlinear wave equations. ¦Math. Res. Lett.¦, 1(2):211–223, 1994."␞https://academic.microsoft.com/#/detail/2060831697
"S.-W. Wei snd Y.-X. Liu, ¦Critical phenomena and thermodynamic geometry of charged Gauss-Bonnet AdS black holes¦, Phys. Rev. D ¦87¦ 044014 (2013). arXiv:1209.1707 [gr-qc]."␞https://academic.microsoft.com/#/detail/2095004813
"S. A. Haine and J. J. Hope, Phys. Rev. A ¦72¦, 033601 (2005)."␞https://academic.microsoft.com/#/detail/2092020630
"T. Cochran, A. Gerges, and K. Orr, ¦Dehn surgery equivalence relations on 3-manifolds¦, Math. Proc. Camb. Phil. Soc. 131 (2001) 97-127."␞https://academic.microsoft.com/#/detail/2163237620
"K. Chou and X.-J. Wang, ¦The Lp-Minkowski problem and the Minkowski problem in centroaffine geometry¦, Adv. Math. ¦205¦ (2006), 33–-83."␞https://academic.microsoft.com/#/detail/2082611711
"C. S. O'Hern, D. A. Egolf, and H. S. Greenside, Phys. Rev. E ¦53¦, 3374 (1996)."␞https://academic.microsoft.com/#/detail/2002846857
"Vincent, O.; Szenicer, A.; Stroock, A. D. Capillarity-driven flows at the continuum limit. ¦Soft Matter¦ ¦2016¦, ¦12¦, 6656–6661."␞https://academic.microsoft.com/#/detail/2191910464
"N. K. Wilkin, J. M. F. Gunn, and R. A. Smith, Phys. Rev. Lett. ¦80¦, 2265 (1998)."␞https://academic.microsoft.com/#/detail/1983653625
"M. Bluhm and T. Schäfer, arXiv:1410.2827 [cond-mat.quant-gas] (2014)."␞https://academic.microsoft.com/#/detail/2003669137
"Sean P. Meyn and R. L. Tweedie. Computable bounds for geometric convergence rates of Markov chains. ¦Ann. Appl. Probab.¦, 4(4):981–1011, 1994."␞https://academic.microsoft.com/#/detail/2028493795
"J. H. Bardarson, F. Pollmann, and J. E. Moore, ¦Physical Review Letters ¦109, 017202 (2012)."␞https://academic.microsoft.com/#/detail/2036346714
"Hu X R, Lou S Y and Chen Y 2012 Phys. Rev. E ¦85¦ 056607"␞https://academic.microsoft.com/#/detail/1976581070
"Longo G., de Vaucouleurs A., 1985, Supplement to the General Catalogue of Photoelectric Magnitudes and Colors of Galaxies in the U, B, V System. Austin: Univ. Texas Press"␞https://academic.microsoft.com/#/detail/597879844
"R. Adler and J. Taylor, Random fields and geometry¦. Springer Monographs in Mathematics, New York: Springer, 2007.¦"␞https://academic.microsoft.com/#/detail/1545211435
"Evers, L., Molinari, D. A., Bowman, A. W., Jones, W. R., Spence, M. J., 2013. Efficient and automatic methods for flexible regression on spatiotemporal data, with applications to groundwater monitoring. (Submitted)."␞https://academic.microsoft.com/#/detail/1837506699
"X. Lin, J. G. Andrews, and A. Ghosh, “Spectrum sharing for device-to-device communication in cellular networks,"" ¦IEEE Trans. Wireless Commun.¦, vol. 13, no. 12, pp. 6727-6740, Dec. 2014."␞https://academic.microsoft.com/#/detail/2024416483
"C. Recher, M. Kieburg, and T. Guhr, Phys. Rev. Lett. ¦105¦, 244101 (2010)."␞https://academic.microsoft.com/#/detail/1858050246
"See, ¦e.g.¦, J.F. Gunion, H.E. Haber, G.L. Kane, and S. Dawson, ¦The Higgs Hunter's Guide¦, Addison-Wesley 1990."␞https://academic.microsoft.com/#/detail/1621550171
"P. Maris and P. C. Tandy, “Bethe-Salpeter study of vector meson masses and decay constants,” Phys. Rev. C60 (1999) 055214, arXiv:nucl-th/9905056."␞https://academic.microsoft.com/#/detail/2026362725
"J. Yang and J. Leskovec. Structure and overlaps of communities in networks. ¦ACM TIST¦, 2013."␞https://academic.microsoft.com/#/detail/1845379789
"Cenke Xu 2010 ¦Phys. Rev. B¦ ¦81¦ 054403"␞https://academic.microsoft.com/#/detail/1990462350
"J. M. Maldacena, “The large N limit of superconformal field theories and supergravity,” Adv. Theor. Math. Phys. ¦2¦, 231 (1998) [Int. J. Theor. Phys. ¦38¦, 1113 (1999)] [arXiv:hep-th/9711200]; for a review, see O. Aharony, S. S. Gubser, J. M. Maldacena, H. Ooguri and Y. Oz, “Large N field theories, string theory and gravity,” Phys. Rept. ¦323¦, 183 (2000) [arXiv:hep-th/9905111]."␞https://academic.microsoft.com/#/detail/2166248051
"Genovese CR, Perone-Pacifico M, Verdinelli I, Wasserman L, et al. 2014. Nonparametric ridge estimation. ¦The Annals of Statistics¦ 42:1511–1545"␞https://academic.microsoft.com/#/detail/2003539828
"¦Sperling J., Vogel W. and Agarwal G. S.¦, ¦Phys. Rev. Lett.¦, ¦109¦ (2012) 093601."␞https://academic.microsoft.com/#/detail/2004462052
"A. Blais, R.-S. Huang, A. Wallraff, S. M. Girvin, and R. J. Schoelkopf, ¦Phys. Rev. A ¦69, 062320 (2004)."␞https://academic.microsoft.com/#/detail/2060904747
"J. M. Frere, R. B. Nevzorov and M. I. Vysotsky, Phys. Lett. B ¦394¦, 127 (1997) [arXiv:hep-ph/9608266]."␞https://academic.microsoft.com/#/detail/2072329460
"H. Yang, Y. Zhang, Delta shock waves with Dirac delta function in both components for systems of conservation laws, J. Differential Equations 257 (2014) 4369-4402."␞https://academic.microsoft.com/#/detail/2000586136
"E. R. Abraham, C. S. Law, P. W. Boyd, S. J. Lavender, M. T. Maldonado, and A. R. Bowie. Importance of stirring in the development of an iron-fertilized phytoplankton bloom. ¦Nature¦, 407:727–730, 2000."␞https://academic.microsoft.com/#/detail/1525210295
"E. W. Kolb and M. S. Turner, ¦The Early Universe¦ (Addison-Wesley, Reading, MA, 1990)."␞https://academic.microsoft.com/#/detail/2595419339
"A. Meiksin and D. J. Whalen, arXiv:1209.1915 [astro-ph.CO]."␞https://academic.microsoft.com/#/detail/2050269091
"X. H. Li and M. Luskin. A generalized quasinonlocal atomistic-to-continuum coupling method with finite-range interaction. ¦IMA J. Numer. Anal.¦, 32(2):373–393, 2012."␞https://academic.microsoft.com/#/detail/2099379315
"Feiden, G. A. 2016, ArXiv e-prints, arXiv:1604.08036"␞https://academic.microsoft.com/#/detail/2343078315
"P. Chen, J. J. Su, T. Katsouleas, S. Wilks, and J. Dawson, ¦Plasma Science, IEEE Transactions on ¦15, 218 (1987)."␞https://academic.microsoft.com/#/detail/2039342843
"P. Skands ¦et al.¦, JHEP ¦0407¦ (2004) 036 [arXiv:hep-ph/0311123]; B. Allanach ¦et al.¦, Comput. Phys. Commun. ¦180¦ (2009) 8 [arXiv:0801.0045 [hep-ph]]."␞https://academic.microsoft.com/#/detail/2114510786
"Carsten Burstedde, Lucas C. Wilcox, and Omar Ghattas. 2011. p4est: Scalable algorithms for parallel adaptive mesh refinement on forests of octrees. ¦SIAM Journal on Scientific Computing¦ 33, 3 (2011), 1103–1133."␞https://academic.microsoft.com/#/detail/1979313559
"G. M. Kelly. ¦Basic concepts of enriched category theory¦. Lecture Notes in Mathematics 64. CUP, 1982."␞https://academic.microsoft.com/#/detail/1507692549
"E. Artal and J. Carmona, ¦Zariski pairs, fundamental groups and Alexander polynomials¦, J. Math. Soc. Japan ¦50¦ (1998), no. 3, 521–543."␞https://academic.microsoft.com/#/detail/134712057
"M. Abramowitz, I. A. Stegun, ¦Handbook of Mathematical Functions¦, Dover Publications (1964) pp. 930."␞https://academic.microsoft.com/#/detail/2120062331
"J. XU, L. CHEN, R. H. NOCHETTO, Optimal multilevel methods for H(grad), H(curl), and H(div) systems on graded and unstructured grids, Multiscale, Nonlinear and Adaptive Approximation, 2009, 599-659."␞https://academic.microsoft.com/#/detail/22890336
"M. Oszmaniec, R. Augusiak, C. Gogolin, J. Kołodyński, A. Acín, and M. Lewenstein. Random bosonic states for robust quantum metrology. ¦arXiv: 1602.05407¦, 2016."␞https://academic.microsoft.com/#/detail/2409752923
"A. Floer, ¦Morse theory for Lagrangian intersections, ¦ J. Differential Geom., ¦28¦ (1988), 513–547."␞https://academic.microsoft.com/#/detail/1800967450
"M. E. Rose, Elementary theory of angular momentum (Wiley, New York, 1957)."␞https://academic.microsoft.com/#/detail/2039457516
"R. L. Frank, E. H. Lieb, ¦Inversion positivity and the sharp Hardy-Littlewood-Sobolev inequality¦, Calc. Var. Partial Differential Equations ¦39¦ (2010), 85-–99."␞https://academic.microsoft.com/#/detail/2045708258
"F. H. L. Essler, S. Kehrein, S. R. Manmana, and N. J. Robinson, Phys. Rev. B ¦89¦, 165104 (2014)."␞https://academic.microsoft.com/#/detail/2052183829
"A. Karch and A. O'Bannon, ¦“Metallic AdS/CFT,”¦ JHEP ¦0709¦ (2007) 024 ¦[ArXiv:0705.3870][hep-th]¦;"␞https://academic.microsoft.com/#/detail/2008755778
"S. K. Lander, ¦Mon. Not. R. Astron. Soc. ¦437, 424 (2014)."␞https://academic.microsoft.com/#/detail/2073273327
"Zech, A., et al. (HiRes Fly's Eye Collaboration), 2004, Nucl. Phys. B Proc. Suppl., 136, 34"␞https://academic.microsoft.com/#/detail/2275641578
"Whittaker, E. T., Watson, G. N. A Course of Modern Analysis 1996, (4th ed. ; Cambridge: Cambridge Univ. Press)"␞https://academic.microsoft.com/#/detail/2039343706
"Y. Qi, T. Brintlinger, and J. Cumings, Phys. Rev. B ¦77¦, 094418 (2008)."␞https://academic.microsoft.com/#/detail/1982139488
"T. Watanabe, T. Fukushima, Y. Yabe, S.A. Boubanga Tombet, A. Satou, A. Dubinov, V.Ya. Aleshkin, V. Mitin, V. Ryzhii and T. Otsuji, ”The gain enhancement effect of surface plasmon polaritons on terahertz stimulated emission in optically pumped monolayer graphene,” New J. Phys. ¦15¦, 075003 (2013)."␞https://academic.microsoft.com/#/detail/2077465983
"C.Rovelli, P.Upadhya, ¦Loop quantum gravity and quanta of space: a primer¦, arXiv:gr-qc/9806079; C.Rovelli, ¦Loop Quantum Gravity¦, Living Rev. Relativity 1, (1998), 1. [online article] cited on 06/28/04, www.livingreviews.org/Articles/Volume1/1998-1rovelli/"␞https://academic.microsoft.com/#/detail/1583804166
"S. Longhi, Phys. Rev. A ¦94¦, 022102 (2016)."␞https://academic.microsoft.com/#/detail/2334663801
"S. Boyd and L. Vandenberghe, ¦Convex Optimization¦. Cambridge University Press, 2004."␞https://academic.microsoft.com/#/detail/2296319761
"X. H. Qiu, G. V. Nazin, and W. Ho, ¦Science¦ ¦299¦, 542 (2003)"␞https://academic.microsoft.com/#/detail/2051099219
"K. Ito, H.T. Tran, and A. Manitius, ¦A Fully-Discrete Spectral Method for Delay Differential Equations¦, SIAM J. Numerical Analysis, ¦28¦, 1121-1140 (1991)."␞https://academic.microsoft.com/#/detail/2050070496
"Harcourt, B. E. and Ludwig, J. (2006) Broken Windows: New Evidence from New York City and a Five-City Social Experiment. The University of Chicago Law Review¦, ¦73¦, 271–320.¦"␞https://academic.microsoft.com/#/detail/1531362222
"A. M. Ghezelbash and R. B. Mann, “Entropy and mass bounds of Kerr-de Sitter spacetimes,” Phys. Rev. D ¦72¦, 064024 (2005) [hep-th/0412300]."␞https://academic.microsoft.com/#/detail/1996647414
"George T. Fleming. Strong Interactions for the LHC. ¦PoS¦, LATTICE2008:021, 2008. [arXiv:0812.2035 [hep-lat]]."␞https://academic.microsoft.com/#/detail/1623110466
"R. Glowinski, J.-L. Lions, and R. Trémolières. ¦Numerical analysis of variational inequalities¦, volume 8 of ¦Studies in Mathematics and its Applications¦. North-Holland Publishing Co., Amsterdam-New York, 1981. Translated from the French."␞https://academic.microsoft.com/#/detail/2004326643
"R. E. Kalman. A new approach to linear filtering and prediction problems. Journal of Basic Engineering¦, 82:35–45, 1960.¦"␞https://academic.microsoft.com/#/detail/2105934661
"L. A. Anchordoqui, J. L. Feng, H. Goldberg and A. D. Shapere, ¦Phys. Rev.¦ ¦D 65¦, 124027 (2002)"␞https://academic.microsoft.com/#/detail/2001361225
"J. C. Collins, “Renormalization. An Introduction To Renormalization, The Renormalization Group, And The Operator Product Expansion,” ¦Cambridge, Uk: Univ. Pr. (1984) 380p¦"␞https://academic.microsoft.com/#/detail/1775170449
"S.G. Bobkov, ¦Large deviations and isoperimetry over convex probability measures with heavy tails¦, Electronic Journal of Probability ¦12¦ (2007), 1072–1100."␞https://academic.microsoft.com/#/detail/2109336881
"G. Szabó, A. Szolnoki, and T. Antal, Phys. Rev. E ¦49¦, 299 (1994); G. Szabó, A. Szolnoki, T. Antal and I. Borsos, Phys. Rev. E ¦55¦, 5275 (1997)."␞https://academic.microsoft.com/#/detail/1987191100
"C. Schubert and A. Torrielli, “Open string pair creation from world-sheet instantons,” J. Phys. A ¦43¦ (2010) 402003 [arXiv:1008.2068 [hep-th]]."␞https://academic.microsoft.com/#/detail/2136650848
"Rohringer, G., A. Valli, and A. Toschi (2012), ¦Phys. Rev. B ¦86, 125114."␞https://academic.microsoft.com/#/detail/2006393066
"L. Franci, R. De Pietri, K. Dionysopoulou, and L. Rezzolla, ¦Phys. Rev. D ¦88, 104028 (2013b), ¦arXiv:1308.3989 [gr-qc]¦ ."␞https://academic.microsoft.com/#/detail/2043431363
"C. Ataca, H. Şahin, and S. Ciraci, ¦J. Phys. Chem. C ¦116, 8983 (2012)."␞https://academic.microsoft.com/#/detail/2322662251
"Everett III, Hugh. “Relative state formulation of quantum mechanics"". Rev. Mod. Physics 29, 454-462. (1957), reprinted in Wheeler and Zurek."␞https://academic.microsoft.com/#/detail/2055993996
"Nobuhiro Nakamura and X. Liu, Nonsmoothable group actions on elliptic surfaces, Topology Appl. 155 (2008), 946-964"␞https://academic.microsoft.com/#/detail/2092797093
"Z. Q. Yin, T. Li, X. Zhang, and L. M. Duan, ¦Physical Review A ¦88, 033614 (2013)."␞https://academic.microsoft.com/#/detail/1976659044
"N. Li and Z. Mao, “Administration in role-based access control,” in Proc. of the 2nd ACM symposium on Information, computer and communications security¦, 2007, pp. 127–138.¦"␞https://academic.microsoft.com/#/detail/2129920522
"D. Cox, J. Little and D. O'Shea. (1998). ¦Using algebraic geometry¦, Vol. 185 of ¦Graduate Texts in Mathematics¦. New York: Springer-Verlag."␞https://academic.microsoft.com/#/detail/1483218536
"V. Rentala, W. Shepherd and T. M. P. Tait, JHEP ¦1408¦, 042 (2014) [¦arXiv:1404.1929¦ [hep-ph]]."␞https://academic.microsoft.com/#/detail/1972355425
"V. Strehl and H. S. Wilf. ¦Five surprisingly simple complexities¦, J. Symb. Comp., ¦20¦, 725-729, 1995."␞https://academic.microsoft.com/#/detail/1966993632
"R. Foadi, M. T. Frandsen and F. Sannino, Phys. Rev. D ¦80¦, 037702 (2009) [arXiv:0812.3406 [hep-ph]]."␞https://academic.microsoft.com/#/detail/1986014277
"D. Nagaj, P. Wocjan and Y. Zhang. Fast amplification of QMA. ¦Quantum Information and Computation¦ 9, 1053 (2009)."␞https://academic.microsoft.com/#/detail/2156652176
"H. B. Meyer, “Locality and statistical error reduction on correlation functions,” JHEP ¦0301¦, 048 (2003) [arXiv:hep-lat/0209145]."␞https://academic.microsoft.com/#/detail/2056845312
"V.M. Adukov, The uniform convergence of subsequences of the last intermediate row of the Padé table, ¦J. Approx. Theory¦ ¦122¦ (2003), 160–207."␞https://academic.microsoft.com/#/detail/2016707928
"S. Galam and A. Mauger, ¦Phys. Rev. E ¦53, 2177 (1996)."␞https://academic.microsoft.com/#/detail/1985641611
"C.-C. Wang, “On The Capacity of 1-to-K Broadcast Packet Erasure Channels with Channel Output Feedback,” ¦in IEEE Transactions on Information Theory¦, vol. 58, no. 2, pp. 931-956, Feb. 2012."␞https://academic.microsoft.com/#/detail/2555338699
"M. C. Gutzwiller. Bernoulli sequences and trajectories in the anisotropic Kepler problem. ¦J. Mathematical Phys.¦, 18(4):806–823, 1977."␞https://academic.microsoft.com/#/detail/2076950051
"M. M. Cohen. ¦A course in simple-homotopy theory¦. Springer-Verlag, New York, 1973. Graduate Texts in Mathematics, Vol. 10."␞https://academic.microsoft.com/#/detail/1525008043
"K. Fukaya, ¦Cyclic symmetry and adic convergence in Lagrangian Floer theory, ¦ Kyoto J. Math. ¦50¦ (2010), no. 3, 521–590."␞https://academic.microsoft.com/#/detail/1997403008
"D. Bar-Natan - ¦On the Vassiliev knot invariants¦, Topologie 34 FORMULA 2 1995, 423-472."␞https://academic.microsoft.com/#/detail/55860467
"¦F. Maggi,¦ ¦Sets of finite perimeter and geometric variational problems. An introduction to geometric measure theory.¦ Cambridge Studies in Advanced Mathematics, 135. Cambridge University Press, Cambridge, 2012."␞https://academic.microsoft.com/#/detail/579720767
"W. De Roeck, J. Fröhlich, and A. Pizzo. Quantum Brownian motion in a simple model system. ¦Comm. Math. Phys¦, 293(2):361–398, 2010."␞https://academic.microsoft.com/#/detail/2067340110
"Daniel Boies, C. Bourbonnais, and A.-M.S. Tremblay, Phys. Rev. Lett. ¦74¦, 968 (1995)."␞https://academic.microsoft.com/#/detail/2029048096
"L. Tong, B. M. Sadler, and M. Dong, “Pilot-assisted wireless transmissions: General model, design criteria, and signal processing,” ¦IEEE Signal Process. Mag.¦, vol. 21, no. 6, pp. 12–25, Nov. 2004."␞https://academic.microsoft.com/#/detail/2028574566
"Debora C Correa, Jose H Saito, and Luciano da F Costa, “Musical genres: beating to the rhythms of different drums,” New Journal of Physics ¦12¦ (2010)."␞https://academic.microsoft.com/#/detail/2144066993
"S. Featherstonhaugh, A. Caranti, L. Childs. ¦Abelian Hopf Galois structures on prime-power Galois field extensions¦, Trans. Amer. Math. Soc. 364 (7) (2012), 3675–3684."␞https://academic.microsoft.com/#/detail/2089350170
"A. Barenco, C. H. Bennett, R. Cleve, D. P. DiVincenzo, N. Margolus, P. Shor, T. Sleator, J. A. Smolin and H. Weinfurter.¦ Phys. Rev. A¦ ¦52,¦ 3457 (1995)."␞https://academic.microsoft.com/#/detail/2102008187
"K. Hebeler, J. M. Lattimer, C. J. Pethick, A. Schwenk, Equation of State and Neutron Star Properties Constrained by Nuclear Physics and Observation, ApJ 773 (2013) 11."␞https://academic.microsoft.com/#/detail/2149394225
"Dey, K. K. and Bhattacharya, S. (2015). On Geometric Ergodicity of Additive and Multiplicative Transformation Based Markov Chain Monte Carlo in High Dimensions. Submitted. Available at http://arxiv.org/pdf/1312.0915v2.pdf."␞https://academic.microsoft.com/#/detail/315827921
"Richards, G.T., Kruczek, N.E., Gallagher, S.C., Hall, P.B., Hewett, P.C., Leighly, K.M., Deo, R.P., Kratzer, R.M., Shen, Y., 2011. Unification of Luminous Type 1 Quasars through C IV Emission. AJ 141, 167–+. ¦1011.¦2282."␞https://academic.microsoft.com/#/detail/2042598102
"Skákala J and Shankaranarayanan S 2014 ¦Class. Quantum Grav.¦ 31 175005 (¦Preprint¦ ¦1402.6166¦)"␞https://academic.microsoft.com/#/detail/2089384717
"C.R. Allton, S. Ejiri, S.J. Hands, O. Kaczmarek, F. Karsch, E. Laermann and C. Schmidt, Phys. Rev. D ¦68¦, 014507 (2003)."␞https://academic.microsoft.com/#/detail/2167385763
"Tim Menzies, Zach Milton, Burak Turhan, Bojan Cukic, Yue Jiang, and Ayşe Bener. 2010. Defect prediction from static code features: current results, limitations, new approaches. ¦Automated Software Engineering¦ 17, 4 (2010), 375–407."␞https://academic.microsoft.com/#/detail/2143637886
"Intema, H. T., Jagannathan, P., Mooley, K. P., & Frail, D. A. 2016, AA, in press (arXiv:1603.04368), arXiv:1603.04368"␞https://academic.microsoft.com/#/detail/2301550711
"David Mumford, ¦The red book of varieties and schemes¦, Lecture Notes in Math., no. 1358, 1988."␞https://academic.microsoft.com/#/detail/1520114710
"K. Kyutoku, H. Okawa, M. Shibata, and K. Taniguchi, ArXiv e-prints (Aug. 2011), ¦arXiv:1108.1189 [astro-ph.HE]¦"␞https://academic.microsoft.com/#/detail/2152511123
"P. Fua, “Combining stereo and monocular information to compute dense depth maps that preserve depth discontinuities,” in ¦International Joint Conference on Artificial Intelligence, Sydney, Australia¦, Aug. 1991, pp. 1292–1298. [Online]. Available: ¦http://¦cvlab.epfl.ch/publications/publications/1991/Fua91.pdf"␞https://academic.microsoft.com/#/detail/1771541921
"J.-P. Lasota, in “Theory of Accretion Disks 2"" ed. W.J. Duschl et al.(Dordrecht:Kluwer, 1994)"␞https://academic.microsoft.com/#/detail/2037125500
"M. Hayashi and T. Morimae, Phys. Rev. Lett. ¦115¦, 220502 (2015)."␞https://academic.microsoft.com/#/detail/365259755
"Herbert Edelsbrunner and Hubert Wagner. Topological data analysis with bregman divergences. ¦arXiv preprint arXiv:1607.06274¦, 2016."␞https://academic.microsoft.com/#/detail/2494330498
"M. Lelarge and L. Miolane. Fundamental limits of symmetric low-rank matrix estimation. arXiv:1611.03888, Nov. 2016."␞https://academic.microsoft.com/#/detail/2588219153
"P. H. Pile ¦et al.¦, Phys. Rev. Lett. ¦66¦ (1991), 2585"␞https://academic.microsoft.com/#/detail/2154131063
"C. W. Misner, in ¦Astrophysics and General Relativity, Vol.1, 1968 Brandeis Summer Institute¦, eds. M. Chretien, S. Deser, J. Goldstein (Gordon & Breach, New York), (1969) p. 113."␞https://academic.microsoft.com/#/detail/629946954
"[author] Ewens, W. J.W. J. (2004). Mathematical Population Genetics, 2nd ed. Springer-Verlag, New York."␞https://academic.microsoft.com/#/detail/2024997496
"S. Weinberg, ¦Quantum contributions to cosmological correlations¦, ¦Phys. Rev.¦ D72 (2005) 043514, ¦[¦hep-th/0506236]."␞https://academic.microsoft.com/#/detail/2122336004
"E. Segev, B. Abdo, O. Shtempluck, and E. Buks, ¦IEEE Trans. Appl. Supercond. ¦16, 1943 (2006)."␞https://academic.microsoft.com/#/detail/2091210251
"S. A. Hartnoll, J. Polchinski, E. Silverstein and D. Tong, JHEP ¦1004¦, 120 (2010) [arXiv:0912.1061 [hep-th]]."␞https://academic.microsoft.com/#/detail/1986576727
"Jason Marden and Adam Wierman. Distributed welfare games. In ¦Proc. 47th IEEE Conf. Decision and Control¦, 2008."␞https://academic.microsoft.com/#/detail/2111140566
"M. Capitaine, C. Donati-Martin. Strong asymptotic freeness for Wigner and Wishart matrices. ¦Indiana Univ. Math. J.¦ 56 (2007), no. 2, 767–803."␞https://academic.microsoft.com/#/detail/2046514403
"M. L. Lapidus and M. van Frankenhuijsen, ¦Fractal Geometry, Complex Dimensions and Zeta Functions: Geometry and spectra of fractal strings,¦ Springer Monographs in Mathematics, Springer-Verlag, New York, 2006."␞https://academic.microsoft.com/#/detail/29509072
"P. Allegrini, J. F. Douglas, and S. C. Glotzer, Phys. Rev. E ¦60¦, 5714 (1999)."␞https://academic.microsoft.com/#/detail/2067541938
"M. Ammar, V. Chloup and S. Gutt, ¦Universal star products¦, ¦Lett. Math. Phys.¦ ¦84¦ (2008) 199 [¦arXiv:0804.1300[math.SG]¦]."␞https://academic.microsoft.com/#/detail/2048962791
"Graves, A. 2013. Generating sequences with recurrent neural networks. In arXiv:1308.0850¦.¦"␞https://academic.microsoft.com/#/detail/1810943226
"L. Hörmander: ¦The Analysis of Linear Partial Differential Operators I¦. Springer Verlag, New York, 2nd edition, 2003."␞https://academic.microsoft.com/#/detail/2482762127
"S. Blanchet and P. Di Bari, New J. Phys. ¦14¦ (2012) 125012 [arXiv:1211.0512 [hep-ph]]."␞https://academic.microsoft.com/#/detail/1979053386
"S. M. Cronenwett, H. J. Lynch, D. Goldhaber-Gordon, L. P. Kouwenhoven, C. M. Marcus, K. Hirose, N. S. Wingreen, and V. Umansky, Phys. Rev. Lett. ¦88¦, 226805 (2002)."␞https://academic.microsoft.com/#/detail/2107011521
"K. Wohlfeld, A.M. Oleś, and P. Horsch, Phys. Rev. B ¦79¦, 224433 (2009)."␞https://academic.microsoft.com/#/detail/2040497020
"S. Mercourakis, ¦Some remarks on countably determined measures and uniform distribution of sequences¦, Monatsh. Math. ¦121¦ (1996), no. 1-2, 79–111."␞https://academic.microsoft.com/#/detail/2090888594
"Ebin D G and Marsden J E 1970 Groups of diffeomorphisms and the motion of an incompressible fluid ¦Ann. of Math.¦ ¦92¦(2) 102–63"␞https://academic.microsoft.com/#/detail/1984533458
"C. Baltay, ¦“Deep inelastic neutrino interactions and charm production,”¦ Nucl. Phys. B Proc. Suppl. ¦36¦, 363 (1994)"␞https://academic.microsoft.com/#/detail/2054958131
"P. Tseng. An incremental gradient(-projection) method with momentum term and adaptive stepsize rule. SIAM J. on Optimization¦, 8(2):506–531, February 1998.¦"␞https://academic.microsoft.com/#/detail/2061863621
"V. A. Rubakov, “Large and infinite extra dimensions: An introduction,” ¦Phys. Uspekhi¦. ¦44¦ (2001) 871; hep-ph/0104152."␞https://academic.microsoft.com/#/detail/1978462503
"Ossipov, A., and Y. V. Fyodorov, 2005, Phys. Rev. B ¦71¦, 125133."␞https://academic.microsoft.com/#/detail/1982511014
"Dominique Unruh. Quantum proofs of knowledge. In ¦Advances in Cryptology - EUROCRYPT 2012 - 31st Annual International Conference on the Theory and Applications of Cryptographic Techniques, Cambridge, UK, April 15-19, 2012. Proceedings¦, pages 135–152, 2012."␞https://academic.microsoft.com/#/detail/2172643090
"R. G. Cai and A. Wang, JCAP ¦0503¦, 002 (2005) [arXiv:hep-th/0411025]."␞https://academic.microsoft.com/#/detail/2045153122
"M. Mitchell, P. T. Hraber, and J. P. Crutchfield. Revisiting the edge of chaos: Evolving cellular automata to perform computations. ¦Complex Systems¦, 7:89–130, 1993."␞https://academic.microsoft.com/#/detail/1652437284
"P. Figueras, K. Murata and H. S. Reall, Class. Quant. Grav. ¦28¦, 225030 (2011) [arXiv:1107.5785 [gr-qc]]."␞https://academic.microsoft.com/#/detail/2006250044
"H.-P. Breuer and F. Petruccione, ¦The Theory of Open Quantum Systems¦ (Oxford University Press, Oxford, 2002)."␞https://academic.microsoft.com/#/detail/1578322733
"K. Van Acoleyen and J. Van Doorsselaere, ¦Phys.Rev.¦ ¦D83¦, 084025 (2011), ¦arXiv:1102.0487 [gr-qc]¦"␞https://academic.microsoft.com/#/detail/2149642517
"M. Bukal, I. Marković, and I. Petrović, “Composite distance based approach to von Mises mixture reduction,” ¦Information Fusion¦, vol. 20, no. 1, pp. 136–145, 2014."␞https://academic.microsoft.com/#/detail/2061327469
"G. M. Png, R. J. Falconer, and D. Abbott, “Tracking aggregation and fibrillation of globular proteins using terahertz and far-infrared spectroscopies,” IEEE Trans. Terahertz Ssci. Technol.¦ ¦6¦(1), pp. 45 –, 2016.¦"␞https://academic.microsoft.com/#/detail/2314061744
"L.X. Yang, X. Yang, The effect of network topology on the spread of computer viruses: a modelling study, International Journal of Computer Mathematics, DOI: 10.1080/00207160.2016.1226499."␞https://academic.microsoft.com/#/detail/2510438442
"J. Kinast, S. L. Hemmer, M. E. Gehm, A. Turlapov, and J. E. Thomas, Phys. Rev. Lett. ¦92¦, 150402 (2004)."␞https://academic.microsoft.com/#/detail/2004814386
"C. Ottaviani, C. Lupo, R. Laurenza, and S. Pirandola, arXiv:1709.06988."␞https://academic.microsoft.com/#/detail/2784241110
"D. J. Smith and J. R. Blake. Surface accumulation of spermatozoa: a fluid dynamic phenomenon. ¦The Mathematical Scientist¦, 34:74–87, 2009."␞https://academic.microsoft.com/#/detail/1509187430
"B. S. DeWitt and G. Esposito, ¦Int. J. Geom. Meth. Mod. Phys. ¦5, 101 (2008), ¦arXiv:0711.2445 [hep-th]¦ ."␞https://academic.microsoft.com/#/detail/2133818518
"Y. Akrami, T. S. Koivisto, D. F. Mota, and M. Sandstad, ¦Bimetric gravity doubly coupled to matter: theory and cosmological implications¦, ¦JCAP¦ ¦1310¦ (2013) 046, [arXiv:1306.0004]."␞https://academic.microsoft.com/#/detail/2150876638
"M. Henkel, Conformal Invariance and Critical Phenomena (Springer, Berlin, 1999)."␞https://academic.microsoft.com/#/detail/1491446842
"A.Libgober Alexander polynomial of plane algebraic curves and cyclic multiple planes. Duke Math. J. 49 (1982), no. 4, 833-851."␞https://academic.microsoft.com/#/detail/1549584576
"E. E. Flanagan, N. Kumar, and I. Wasserman, ¦Luminosity distance in Swiss cheese cosmology with randomized voids and galaxy halos¦, ¦Phys. Rev.¦ ¦D88¦ (2013), no. 4 043004, [arXiv:1207.3711]."␞https://academic.microsoft.com/#/detail/1978405940
"Y. Fujikoshi, V.V. Ulyanov, and R. Shimizu, ”Error bounds for asymptotic expansions of the distribution of multivariate scale mixture”, ¦Hiroshima Mathematical Journal¦, ¦35¦, no.3, 453–469 (2005)."␞https://academic.microsoft.com/#/detail/1486305631
"E. Barberio ¦et al.¦ [Heavy Flavor Averaging Group], arXiv:0808.1297 [hep-ex], updates at http://www.slac.stanford.edu/xorg/hfag/index.html."␞https://academic.microsoft.com/#/detail/1615451475
"V. Mishra ¦et al.¦, Phys. Rev. B ¦79¦, 094512 (2009); D. Markowitz ¦et al.¦, Phys. Rev. ¦131¦, 563 (1963)."␞https://academic.microsoft.com/#/detail/1970367741
"R. Kubo, M. Toda, N. Hashitsume, Statistical Physics II. Nonequilibrium statistical mechanics, volume 31 of ¦Solid-State Sciences¦, second ed., Springer-Verlag, Berlin, Heidelberg, New York, 1991."␞https://academic.microsoft.com/#/detail/1670478556
"Almazán, J., Fernández, D., Fornés, A., Lladós, J., Valveny, E., 2012a. A coarse-to-fine approach for handwritten word spotting in large scale historical documents collection, in: Frontiers in Handwriting Recognition (ICFHR), 2012 International Conference on, IEEE. pp. 455–460."␞https://academic.microsoft.com/#/detail/2005090476
"E. R. Livine and D. R. Terno, ¦Phys. Rev. A ¦72, 022307 (2005)."␞https://academic.microsoft.com/#/detail/2015031340
"Ivanov E and Sidorov S 2014 Deformed supersymmetric mechanics ¦Class. Quant. Grav.¦ ¦31¦ 075013 (¦Preprint¦ 1307.7690 [hep-th])"␞https://academic.microsoft.com/#/detail/2110947679
"R. Hoyt, “Probability functions for the modulus and angle of the normal complex variate,” ¦Bell Syst. Tech. J.¦, vol. 26, no. 2, pp. 318–359, 1947."␞https://academic.microsoft.com/#/detail/2062802848
"R. Parshani, S. Carmi, and S. Havlin, Phys. Rev. Lett. ¦104¦, 258701 (2010)."␞https://academic.microsoft.com/#/detail/1580052004
"Kary, D. M., Lissauer, J. J., 1995. Nebular gas drag and planetary accretion. II. Planet on an eccentric orbit. 117, 1-24."␞https://academic.microsoft.com/#/detail/2045557221
"A. A. Houck, J. Koch, M. H. Devoret, S. M. Girvin, and R. J. Schoelkopf, ¦Quantum Information Processing ¦8, 105 (2009)."␞https://academic.microsoft.com/#/detail/2153275411
"J. C. Collins and A. Metz, ¦Phys. Rev. Lett. ¦ ¦93¦, 252001 (2004)."␞https://academic.microsoft.com/#/detail/2103895497
"¦van der Vaart, A. W.¦ and ¦Wellner, J. A.¦ (1996). ¦Weak Convergence and Empirical Processes¦. Springer, New York."␞https://academic.microsoft.com/#/detail/2010353172
"T Feldman, R W Childers, K M Borow, R M Lang, and A Neumann. Change in ventricular cavity size: differential effects on qrs and t wave amplitude. ¦Circulation¦, 72(3):495–501, 1985. doi: 10.1161/01.CIR.72.3.495."␞https://academic.microsoft.com/#/detail/2083703889
"P. M. Blau, A macrosociological theory of social structure, American Journal of Sociology 83 (1) (1977) 26–54."␞https://academic.microsoft.com/#/detail/2047847661
"J. Tropp, Just relax: convex programming methods for identifying sparse signals in noise¦, IEEE Trans. Inform. Theory 52 (2006), 1030–1051¦"␞https://academic.microsoft.com/#/detail/2147656689
"Freek Dijkstra, Bert Andree, Karst Koymans, and Jeroen van der Ham. Introduction to ITU-T recommendation G.805. Technical Report UVA-SNE-2007-01, Unversiteit van Amsterdam, December 2007."␞https://academic.microsoft.com/#/detail/1489167501
"Brigo, D., Buescu, C. and Morini, M.: Counterparty risk pricing: Impact of closeout and first-to-default times ¦Int. J. Theor. Appl. Finan.¦ 15 (2012)."␞https://academic.microsoft.com/#/detail/2089684845
"Thomas Roblin. Ergodicité et équidistribution en courbure négative. ¦Mém. Soc. Math. Fr. (N.S.)¦, (95):vi+96, 2003."␞https://academic.microsoft.com/#/detail/331481281
"D. Podolsky and K. Enqvist, “Eternal inflation and localization on the landscape,” arXiv:0704.0144 [hep-th]."␞https://academic.microsoft.com/#/detail/2026112773
"¦A. Edelman, T.A. Arias and S.T. Smith¦, ¦The geometry of algorithms with orthogonality constraints¦, SIAM Journal on Matrix Analysis Applications, Vol. 20, No. 2, pp. 303 – 353, 1998"␞https://academic.microsoft.com/#/detail/2045512849
"B. Derrida, Phys. Rev. B ¦24¦, 2613 (1981)."␞https://academic.microsoft.com/#/detail/2083715726
"Baker, J. G., Centrella, J., Choi, D.-I., Koppitz, M., & van Meter, J. 2006, Phys. Rev. Lett., 96, 111102"␞https://academic.microsoft.com/#/detail/1971068715
"G. Marozzi, ¦The luminosity distance–redshift relation up to second order in the Poisson gauge with anisotropic stress¦, ¦Class. Quant. Grav.¦ ¦32¦ (2015), no. 4 045004, [arXiv:1406.1135]. [Corrigendum: Class. Quant. Grav.32,179501(2015)]."␞https://academic.microsoft.com/#/detail/2043301811
"S. N. Dorogovtsev, and J. F. F. Mendes, Phys. Rev. E ¦61¦, 2909 (2000)."␞https://academic.microsoft.com/#/detail/2024992363
"V. Kuznetsov ¦et al.¦, Acta Phys. Polon. B ¦39¦ (2008) 1949, arXiv:0807.2316 [hep-ex]."␞https://academic.microsoft.com/#/detail/1613107950
"G Grossing and A Zeilinger. Quantum cellular automata. ¦Complex Systems¦, 2(197-208), 1988."␞https://academic.microsoft.com/#/detail/2290349210
"R. Jackiw and R. Rajaraman, Phys. Rev. Lett. ¦54¦ (1985) 1219."␞https://academic.microsoft.com/#/detail/1980655685
"O. Leenaerts, H. Peelaers, A. D. Hernández-Nieves, B. Partoens, and F. M. Peeters, Phys. Rev. B ¦82¦, 195436 (2010)."␞https://academic.microsoft.com/#/detail/2047261991
"J. Cao, W. L. Yang, K. Shi and Y. Wang. ¦Off-diagonal Bethe ansatz solution of the XXX spin chain with arbitrary boundary conditions¦. Nuclear Physics B ¦875(1)¦, 152–165 (2013)."␞https://academic.microsoft.com/#/detail/2151134771
"R. Evans, in ¦Fundamentals of Inhomogeneous Fluids¦, ed. D. Henderson, Dekker, New York, (1992), ch. 3."␞https://academic.microsoft.com/#/detail/635972750
"W. F. McColl and A. Tiskin, “Memory-efficient matrix multiplication in the BSP model,” ¦Algorithmica¦, vol. 24, pp. 287–297, 1999."␞https://academic.microsoft.com/#/detail/1997882689
"¦D. J. Aldous¦, ¦Deterministic and Stochastic Models for Coalescence (Aggregation and Coagulation) : a Review of the Mean-Field Theory for Probabilists¦, Bernoulli, 5 (1999), pp. 3–48."␞https://academic.microsoft.com/#/detail/2057073325
"Ph. A. Martin, On the stochastic dynamics of Ising models, ¦J. Stat. Phys.¦ ¦16¦, 149 (1977)."␞https://academic.microsoft.com/#/detail/2043689670
"D. Chandler, ¦Introduction to Modern Statistical Mechanics,¦ Oxford University Press, New York (1987), pp. 107-108."␞https://academic.microsoft.com/#/detail/1986466512
"Gilbert S. Vernam. Cipher printing telegraph systems for secret wire and radio telegraphic communications. ¦Journal of the IEEE¦, 55:109–115, 1926."␞https://academic.microsoft.com/#/detail/1997102776
"S. Vacaru, Loop quantum gravity in Ashtekar and Lagrange-Finsler variables and Fedosov quantization of general relativity, arXiv: 0801.4942 [gr-qc]"␞https://academic.microsoft.com/#/detail/2109841695
"T. H. Stix, ¦Physics of Fluids ¦14, 702 (1971b)."␞https://academic.microsoft.com/#/detail/1991814434
"¦Joulin, A., Lefevre, A., Grunberg, D., and Bouchaud, J.¦ Stock price jumps: news and volume play a minor role. ¦Arxiv preprint arxiv:0803.1769¦ (2008)."␞https://academic.microsoft.com/#/detail/2147181268
"J. D. Briers, “Laser Doppler, speckle and related techniques for blood perfusion mapping and imaging,” Physiological Measurement ¦22¦, R35-R66 (2001)."␞https://academic.microsoft.com/#/detail/2118901913
"J.M. Ball, Strongly continuous semigroups, weak solutions, and the variation of constants formula, ¦Proceedings of the American Mathematical Society¦ ¦63¦, (1977) 370–373."␞https://academic.microsoft.com/#/detail/2009641189
"Hamid, A.K., Melaku, L.S., Pelillo, M., Prati, A.: Using dominant sets for data association in multi-camera tracking. In: Proceedings of the 9th International Conference on Distributed Smart Camera, Seville, Spain, September 8-11, 2015. pp. 38–43 (2015)"␞https://academic.microsoft.com/#/detail/2091090247
"S. Karmakar and B. S. Rajan, “Multigroup decodable STBCs from clifford algebras,” ¦IEEE Trans. Inf. Theory¦, vol. 55, pp. 223–231, Jan. 2009."␞https://academic.microsoft.com/#/detail/2182126998
"L. Barack and A. Ori, Phys. Rev. D ¦67¦, 024029 (2003), [arXiv:gr-qc/0209072]."␞https://academic.microsoft.com/#/detail/2044426212
"X. -F. Meng ¦et al.¦ Phys. Rev. D ¦80¦, 114502 (2009)."␞https://academic.microsoft.com/#/detail/1624739041
"S. Herrlich and U. Nierste, Phys. Rev. D ¦52¦, 6505 (1995), arxiv:hep-ph/9507262;"␞https://academic.microsoft.com/#/detail/2084995117
"Shmuel Friedland and Uri N. Peled. Theory of computation of multidimensional entropy with an application to the monomer–dimer problem. ¦Advances in applied mathematics¦, 34(3):486–522, 2005."␞https://academic.microsoft.com/#/detail/2092704115
"N. G. Holmes, J. Day, A. H. K. Park, D. A. Bonn, and I. Roll, ¦Instr Sci ¦42, 523 (2014)."␞https://academic.microsoft.com/#/detail/1963514677
"S.-T. Yau, ¦A general schwarz lemma for Kähler manifolds.¦ American Journal of Mathematics, 197–203, 1978."␞https://academic.microsoft.com/#/detail/1983066773
"M. Laca and I. Raeburn, ¦Phase transition on the Toeplitz algebra of the affine semigroup over the natural numbers¦, Adv. Math. ¦225¦ (2010), 643–688."␞https://academic.microsoft.com/#/detail/2016739913
"Sanjoy Dasgupta and Leonard Schulman, ¦A probabilistic analysis of em for mixtures of separated, spherical gaussians¦, Journal of Machine Learning Research ¦8¦ (2007), no. Feb, 203–226."␞https://academic.microsoft.com/#/detail/2146758737
"T.J. Willmore, ¦Mean curvature of Riemannian immersions,¦ J. London Math. Soc. 3, 307–310 (1971)"␞https://academic.microsoft.com/#/detail/1968724493
"Bentley, R.A., Shennan, S.J., 2003. Cultural transmission and stochastic network growth. American Antiquity 68, 459–485."␞https://academic.microsoft.com/#/detail/1517755001
"Kemp AC, Horton BP, Vane CH, et al (2013) Sea-level change during the last 2500 years in New Jersey, USA. Quaternary Science Reviews 81:90–104, doi:¦10.1016/j.quascirev.2013.09.024¦"␞https://academic.microsoft.com/#/detail/2117497385
"P. J. Bickel and K. A. Doksum, “Mathematical statistics : basic ideas and selected topics, volume I,” Ch. 2, 2nd ed., Prentice Hall, 2001."␞https://academic.microsoft.com/#/detail/190978244
"J. Ellis, D. V. Nanopoulos and K. A. Olive, “No-Scale Supergravity Realization of the Starobinsky Model of Inflation,” Phys. Rev. Lett. ¦111¦, 111301 (2013) [arXiv:1305.1247 [hep-th]]."␞https://academic.microsoft.com/#/detail/2072329169
"V. A. Blatov, ¦Voronoi-Dirichlet polyhedra in crystal chemistry: theory and applications¦, Crystallogr. Rev. ¦10¦, 249–318 (2004)."␞https://academic.microsoft.com/#/detail/2084972556
"C. Wetterich, Astron. Astrophys. ¦301¦, 321 (1995) [arXiv:hep-th/9408025]."␞https://academic.microsoft.com/#/detail/1878116113
"S. H. Brongersma et al¦., Phys. Rev. Lett. ¦71¦, 2319 (1993).¦"␞https://academic.microsoft.com/#/detail/1978330037
"V. Turaev, ¦Knots and words¦, Int. Math. Res. Not. ¦2006¦, Art. ID 84098, 23pp."␞https://academic.microsoft.com/#/detail/2067973354
"Witebsky, C., Smoot, G., De Amici, G., and Friedman, S.D. (1986) ¦“New measurements of the cosmic background radiation temperature at 3.3 millimeter wavelength”¦ ¦Ap.J.¦ ¦310¦ 145-159."␞https://academic.microsoft.com/#/detail/1965257877
"Hopkins P. F., Keres D., Onorbe J., Faucher-Giguere C.-A., Quataert E., Murray N., Bullock J. S., 2014, ¦MNRAS¦, 445, 581"␞https://academic.microsoft.com/#/detail/2076246932
